"Relative humidity, %",Air temperature at vent (C),"Air pressure  at vent, atm",vent diameter (m),vent elevation (m),initial velocity (m/s),magma temperature (c),weight fraction gas,magma specific heat (j/kg k),magma density (kg/m3),mixture density (kg/m3),mass fraction water added,mass flux total (kg/s),calculated heigth (km),sparks heigth (km),mastin et al 2009 height (km),inum,z,m_m,m_a,m_v,m_l,m_i,u,r,T_mix,T_air,rho_mix,rho_air,time,p_air,water,ice,vent equivalent init (m),run,mass flux (kg/s),dry plume height (km),delta z (km),region,Ri,Ri_old,curve,plot_velocity_m_s,plot_temperature_C
0,0.0,1.0,1.8,0.0,75.0,700.0,0.03,1000.0,2500.0,3.943,0.34,794.0,0.257,1.248,1.517,1.0,0.0,0.64,0.001,0.148,0.211,0.0,75.0,0.9,373.2,273.1,3.943,1.292,0.0,101300.0,833.0,0.0,1.1,Grid_Runs_out_run5166.txt,524.04,1.254,-0.997,1.0,0.0021105805731676,0.003936284,u75_T700,75,700
0,0.0,1.0,2.0,0.0,75.0,700.0,0.03,1000.0,2500.0,3.943,0.34,945.0,0.272,1.304,1.582,1.0,0.0,0.64,0.001,0.148,0.211,0.0,75.0,1.0,373.2,273.1,3.943,1.292,0.0,101300.0,833.0,0.0,1.2,Grid_Runs_out_run10742.txt,623.7,1.312,-1.04,1.0,0.0023450895257418,0.004294128,u75_T700,75,700
0,0.0,1.0,4.8,0.0,75.0,700.0,0.03,1000.0,2500.0,3.717,0.32,4990.0,0.488,1.991,2.363,1.0,0.0,0.659,0.001,0.157,0.183,0.0,75.0,2.4,373.2,273.1,3.717,1.292,0.0,101300.0,679.0,0.0,2.8,Grid_Runs_out_run13839.txt,3393.2,2.029,-1.541,1.0,0.0054614366424535,0.009165449,u75_T700,75,700
0,0.0,1.0,6.0,0.0,75.0,700.0,0.03,1000.0,2500.0,3.613,0.31,7690.0,0.472,2.221,2.622,1.0,0.0,0.669,0.001,0.162,0.168,0.0,75.0,3.0,373.2,273.1,3.613,1.292,0.0,101300.0,609.0,0.0,3.5,Grid_Runs_out_run9079.txt,5306.1,2.273,-1.801,1.0,0.0067220990866316,0.010965467,u75_T700,75,700
0,0.0,1.0,7.4,0.0,75.0,700.0,0.03,1000.0,2500.0,3.515,0.3,11400.0,0.411,2.457,2.885,1.0,0.0,0.678,0.001,0.166,0.154,0.0,75.0,3.7,373.2,273.1,3.515,1.292,0.0,101300.0,542.0,0.0,4.3,Grid_Runs_out_run10205.txt,7980.0,2.526,-2.115,1.0,0.00816192,0.012903035,u75_T700,75,700
0,0.0,1.0,8.0,0.0,75.0,700.0,0.03,1000.0,2500.0,3.422,0.29,12900.0,0.489,2.534,2.97,1.0,0.0,0.688,0.001,0.171,0.14,0.0,75.0,4.0,373.2,273.1,3.422,1.292,0.0,101300.0,479.0,0.0,4.6,Grid_Runs_out_run16532.txt,9159.0,2.615,-2.126,1.0,0.0086843249561659,0.013225783,u75_T700,75,700
0,0.0,1.0,9.1,0.0,75.0,700.0,0.03,1000.0,2500.0,3.334,0.28,16300.0,0.478,2.687,3.141,1.0,0.0,0.698,0.001,0.176,0.126,0.0,75.0,4.5,373.2,273.1,3.334,1.292,0.0,101300.0,419.0,0.0,5.2,Grid_Runs_out_run270.txt,11736.0,2.784,-2.306,1.0,0.0097202629874025,0.014333196,u75_T700,75,700
0,0.0,1.0,10.2,0.0,75.0,700.0,0.03,1000.0,2500.0,3.25,0.27,20000.0,0.478,2.83,3.299,1.0,0.0,0.707,0.001,0.18,0.111,0.0,75.0,5.1,373.2,273.1,3.25,1.292,0.0,101300.0,362.0,0.0,5.8,Grid_Runs_out_run14874.txt,14600.0,2.945,-2.467,1.0,0.0107170678153846,0.015329382,u75_T700,75,700
0,0.0,1.0,11.5,0.0,75.0,700.0,0.03,1000.0,2500.0,3.17,0.26,24700.0,0.471,2.989,3.474,1.0,0.0,0.717,0.001,0.185,0.0972,0.0,75.0,5.8,373.2,273.1,3.17,1.292,0.0,101300.0,308.0,0.0,6.5,Grid_Runs_out_run202.txt,18278.0,3.124,-2.653,1.0,0.0118817564668769,0.01647756,u75_T700,75,700
0,0.0,1.0,12.6,0.0,75.0,700.0,0.03,1000.0,2500.0,3.095,0.25,29100.0,0.491,3.115,3.614,1.0,0.0,0.727,0.001,0.189,0.083,0.0,75.0,6.3,373.2,273.1,3.095,1.292,0.0,101300.0,257.0,0.0,7.1,Grid_Runs_out_run2838.txt,21825.0,3.269,-2.778,1.0,0.0128012417447495,0.017279773,u75_T700,75,700
0,0.0,1.0,13.8,0.0,75.0,700.0,0.03,1000.0,2500.0,3.022,0.24,33800.0,0.521,3.235,3.746,1.0,0.0,0.736,0.001,0.194,0.0688,0.0,75.0,6.9,373.2,273.1,3.022,1.292,0.0,101300.0,208.0,0.0,7.7,Grid_Runs_out_run10565.txt,25688.0,3.409,-2.888,1.0,0.0137777154202514,0.017981288,u75_T700,75,700
0,0.0,1.0,15.5,0.0,75.0,700.0,0.03,1000.0,2500.0,2.954,0.23,41600.0,0.514,3.411,3.938,1.0,0.0,0.746,0.001,0.198,0.0545,0.0,75.0,7.7,373.2,273.1,2.954,1.292,0.0,101300.0,161.0,0.0,8.6,Grid_Runs_out_run6820.txt,32032.0,3.61,-3.096,1.0,0.0152089316181448,0.019293607,u75_T700,75,700
0,0.0,1.0,16.6,0.0,75.0,700.0,0.03,1000.0,2500.0,2.888,0.22,47000.0,0.557,3.518,4.056,1.0,0.0,0.756,0.001,0.203,0.0403,0.0,75.0,8.3,373.2,273.1,2.888,1.292,0.0,101300.0,116.0,0.0,9.2,Grid_Runs_out_run2948.txt,36660.0,3.739,-3.182,1.0,0.0159989052631578,0.019820047,u75_T700,75,700
0,0.0,1.0,19.1,0.0,75.0,700.0,0.03,1000.0,2500.0,2.825,0.21,60400.0,0.525,3.75,4.309,1.0,0.0,0.766,0.001,0.207,0.026,0.0,75.0,9.5,373.2,273.1,2.825,1.292,0.0,101300.0,73.6,0.0,10.5,Grid_Runs_out_run16234.txt,47716.0,4.005,-3.48,1.0,0.0180760506902654,0.021727783,u75_T700,75,700
0,0.0,1.0,20.2,0.0,75.0,700.0,0.03,1000.0,2500.0,2.764,0.2,66700.0,0.558,3.846,4.413,1.0,0.0,0.775,0.001,0.212,0.0118,0.0,75.0,10.1,373.2,273.1,2.764,1.292,0.0,101300.0,32.6,0.0,11.1,Grid_Runs_out_run6341.txt,53360.0,4.122,-3.564,1.0,0.0187615027496382,0.022055391,u75_T700,75,700
0,0.0,1.0,21.4,0.0,75.0,700.0,0.03,1000.0,2500.0,2.705,0.19,73200.0,0.633,3.937,4.513,1.0,0.0,0.785,0.001,0.214,0.0,0.0,75.0,10.7,377.6,273.1,2.705,1.292,0.0,101300.0,0.0,0.0,11.7,Grid_Runs_out_run5342.txt,59292.0,4.237,-3.604,1.0,0.019495534491682,0.022315776,u75_T700,75,700
0,0.0,1.0,23.8,0.0,75.0,700.0,0.03,1000.0,2500.0,2.641,0.18,87900.0,0.671,4.125,4.716,1.0,0.0,0.795,0.001,0.204,0.0,0.0,75.0,11.9,405.1,273.1,2.641,1.292,0.0,101300.0,0.0,0.0,12.9,Grid_Runs_out_run13109.txt,72078.0,4.458,-3.787,1.0,0.0212015194244604,0.023490141,u75_T700,75,700
0,0.0,1.0,28.5,0.0,75.0,700.0,0.03,1000.0,2500.0,2.595,0.17,124000.0,0.744,4.499,5.122,1.0,0.0,0.804,0.001,0.195,0.0,0.0,75.0,14.2,432.7,273.1,2.595,1.292,0.0,101300.0,0.0,0.0,15.4,Grid_Runs_out_run3234.txt,102920.0,4.892,-4.148,1.0,0.0249573456647398,0.027086264,u75_T700,75,700
0,0.0,1.0,43.2,0.0,75.0,700.0,0.03,1000.0,2500.0,2.564,0.16,282000.0,0.94,5.548,6.248,1.0,0.0,0.814,0.001,0.185,0.0,0.0,75.0,21.6,460.7,273.1,2.564,1.292,0.0,101300.0,0.0,0.0,23.4,Grid_Runs_out_run4117.txt,236880.0,6.094,-5.154,1.0,0.037376559126365,0.040177872,u75_T700,75,700
0,0.0,1.0,81.6,0.0,75.0,700.0,0.03,1000.0,2500.0,2.548,0.15,1000000.0,1.297,7.649,8.475,1.0,0.0,0.824,0.001,0.175,0.0,0.0,75.0,40.8,489.1,273.1,2.548,1.292,0.0,101300.0,0.0,0.0,44.3,Grid_Runs_out_run16311.txt,850000.0,8.756,-7.459,1.0,0.0701498675039246,0.075106467,u75_T700,75,700
0,0.0,1.0,126.2,0.0,75.0,700.0,0.03,1000.0,2500.0,2.547,0.14,2390000.0,1.306,9.545,10.455,1.0,0.0,0.833,0.001,0.166,0.0,0.0,75.0,63.1,517.9,273.1,2.547,1.292,0.0,101300.0,0.0,0.0,68.9,Grid_Runs_out_run16383.txt,2055400.0,11.224,-9.918,1.0,0.1084477675696898,0.11672044,u75_T700,75,700
0,0.0,1.0,212.3,0.0,75.0,700.0,0.03,1000.0,2500.0,2.589,0.12,6880000.0,1.165,12.483,13.487,1.0,0.0,0.853,0.001,0.146,0.0,0.0,75.0,106.2,576.7,273.1,2.589,1.292,0.0,101300.0,0.0,0.0,118.2,Grid_Runs_out_run11084.txt,6054400.0,13.553,-12.388,2.0,0.1854831233680958,0.206938559,u75_T700,75,700
0,0.0,1.0,244.0,0.0,75.0,700.0,0.03,1000.0,2500.0,2.635,0.11,9240000.0,1.187,13.455,14.482,1.0,0.0,0.862,0.001,0.137,0.0,0.0,75.0,122.0,606.7,273.1,2.635,1.292,0.0,101300.0,0.0,0.0,137.8,Grid_Runs_out_run15202.txt,8223600.0,14.269,-13.082,2.0,0.2168860903225806,0.249809642,u75_T700,75,700
0,0.0,1.0,200.4,0.0,75.0,700.0,0.03,1000.0,2500.0,5.805,0.01,13700000.0,0.81,14.881,15.934,1.0,0.0,0.959,0.001,0.0397,0.0,0.0,75.0,100.2,936.6,273.1,5.805,1.292,0.0,101300.0,0.0,0.0,177.2,Grid_Runs_out_run8756.txt,13563000.0,0.674,0.136,3.0,0.2717110540568476,1.079476067,u75_T700,75,700
0,0.0,1.0,250.0,0.0,75.0,700.0,0.03,1000.0,2500.0,4.244,0.03,15600000.0,0.961,15.377,16.438,1.0,0.0,0.94,0.001,0.059,0.0,0.0,75.0,125.0,865.6,273.1,4.244,1.292,0.0,101300.0,0.0,0.0,187.1,Grid_Runs_out_run996.txt,15132000.0,0.619,0.342,3.0,0.3032686145146089,0.745545422,u75_T700,75,700
0,0.0,1.0,301.4,0.0,75.0,700.0,0.03,1000.0,2500.0,3.045,0.07,16300000.0,1.12,15.542,16.605,1.0,0.0,0.901,0.001,0.0978,0.0,0.0,75.0,150.7,731.7,273.1,3.045,1.292,0.0,101300.0,0.0,0.0,187.1,Grid_Runs_out_run14433.txt,15159000.0,0.619,0.501,3.0,0.3026107470607553,0.442730733,u75_T700,75,700
0,0.0,1.0,310.6,0.0,75.0,700.0,0.03,1000.0,2500.0,2.899,0.08,16500000.0,1.008,15.585,16.649,1.0,0.0,0.892,0.001,0.107,0.0,0.0,75.0,155.3,699.7,273.1,2.899,1.292,0.0,101300.0,0.0,0.0,187.1,Grid_Runs_out_run3800.txt,15180000.0,0.619,0.389,3.0,0.3002725232149018,0.405857552,u75_T700,75,700
0,0.0,1.0,232.3,0.0,75.0,700.0,0.03,1000.0,2500.0,4.868,0.02,15500000.0,0.803,15.337,16.397,1.0,0.0,0.95,0.001,0.0494,0.0,0.0,75.0,116.1,900.7,273.1,4.868,1.292,0.0,101300.0,0.0,0.0,187.1,Grid_Runs_out_run17989.txt,15190000.0,0.619,0.184,3.0,0.2976066497945769,0.903140389,u75_T700,75,700
0,0.0,1.0,279.4,0.0,75.0,700.0,0.03,1000.0,2500.0,3.803,0.04,17500000.0,0.879,15.823,16.889,1.0,0.0,0.93,0.001,0.0687,0.0,0.0,75.0,139.7,831.1,273.1,3.803,1.292,0.0,101300.0,0.0,0.0,196.9,Grid_Runs_out_run7338.txt,16800000.0,0.585,0.294,3.0,0.3217312673152774,0.66738493,u75_T700,75,700
0,0.0,1.0,293.7,0.0,75.0,700.0,0.03,1000.0,2500.0,3.478,0.05,17700000.0,0.94,15.865,16.933,1.0,0.0,0.921,0.001,0.0784,0.0,0.0,75.0,146.8,797.4,273.1,3.478,1.292,0.0,101300.0,0.0,0.0,196.9,Grid_Runs_out_run451.txt,16815000.0,0.585,0.355,3.0,0.3219370847613571,0.581004961,u75_T700,75,700
0,0.0,1.0,306.2,0.0,75.0,700.0,0.03,1000.0,2500.0,3.233,0.06,17900000.0,0.964,15.908,16.976,1.0,0.0,0.911,0.001,0.0881,0.0,0.0,75.0,153.1,764.2,273.1,3.233,1.292,0.0,101300.0,0.0,0.0,196.9,Grid_Runs_out_run15487.txt,16826000.0,0.585,0.379,3.0,0.3206058907516239,0.515887754,u75_T700,75,700
0,0.0,1.0,11.1,0.0,75.0,900.0,0.03,1000.0,2500.0,3.43,0.41,24700.0,0.448,2.988,3.473,1.0,0.0,0.572,0.001,0.171,0.257,0.0,75.0,5.5,373.2,273.1,3.43,1.292,0.0,101300.0,880.0,0.0,5.8,Grid_Runs_out_run22093.txt,14573.0,3.244,-2.796,1.0,0.0120665478717201,0.01673862,u75_T900,75,900
0,0.0,1.0,9.8,0.0,75.0,900.0,0.03,1000.0,2500.0,3.542,0.42,20200.0,0.429,2.839,3.309,1.0,0.0,0.562,0.001,0.165,0.272,0.0,75.0,4.9,373.2,273.1,3.542,1.292,0.0,101300.0,963.0,0.0,5.2,Grid_Runs_out_run33442.txt,11716.0,3.067,-2.638,1.0,0.0108569169960474,0.015793189,u75_T900,75,900
0,0.0,1.0,8.6,0.0,75.0,900.0,0.03,1000.0,2500.0,3.663,0.43,16100.0,0.415,2.679,3.132,1.0,0.0,0.552,0.001,0.16,0.287,0.0,75.0,4.3,373.2,273.1,3.663,1.292,0.0,101300.0,1050.0,0.0,4.6,Grid_Runs_out_run21755.txt,9177.0,2.881,-2.466,1.0,0.009708219055419,0.014722222,u75_T900,75,900
0,0.0,1.0,7.1,0.0,75.0,900.0,0.03,1000.0,2500.0,3.792,0.44,11200.0,0.47,2.442,2.869,1.0,0.0,0.543,0.001,0.154,0.302,0.0,75.0,3.5,373.2,273.1,3.792,1.292,0.0,101300.0,1150.0,0.0,3.8,Grid_Runs_out_run21871.txt,6272.0,2.613,-2.143,1.0,0.0081635021097046,0.012823529,u75_T900,75,900
0,0.0,1.0,6.3,0.0,75.0,900.0,0.03,1000.0,2500.0,3.93,0.45,9100.0,0.403,2.319,2.731,1.0,0.0,0.533,0.001,0.149,0.317,0.0,75.0,3.1,373.2,273.1,3.93,1.292,0.0,101300.0,1250.0,0.0,3.4,Grid_Runs_out_run24765.txt,5005.0,2.469,-2.066,1.0,0.0073751230534351,0.012107032,u75_T900,75,900
0,0.0,1.0,5.1,0.0,75.0,900.0,0.03,1000.0,2500.0,4.079,0.46,6290.0,0.408,2.111,2.498,1.0,0.0,0.523,0.001,0.143,0.332,0.0,75.0,2.6,373.2,273.1,4.079,1.292,0.0,101300.0,1360.0,0.0,2.8,Grid_Runs_out_run31733.txt,3396.6,2.237,-1.829,1.0,0.0060771494974258,0.010533652,u75_T900,75,900
0,0.0,1.0,1.9,0.0,75.0,900.0,0.03,1000.0,2500.0,4.807,0.5,1050.0,0.233,1.339,1.622,1.0,0.0,0.485,0.001,0.121,0.393,0.0,75.0,1.0,373.2,273.1,4.807,1.292,0.0,101300.0,1890.0,0.0,1.1,Grid_Runs_out_run28339.txt,525.0,1.389,-1.156,1.0,0.0024229881422924,0.005219176,u75_T900,75,900
0,0.0,1.0,11.9,0.0,75.0,900.0,0.03,1000.0,2500.0,3.324,0.4,27700.0,0.522,3.077,3.572,1.0,0.0,0.581,0.001,0.176,0.242,0.0,75.0,6.0,373.2,273.1,3.324,1.292,0.0,101300.0,803.0,0.0,6.2,Grid_Runs_out_run20963.txt,16620.0,3.357,-2.835,1.0,0.0126869179302045,0.01700589,u75_T900,75,900
0,0.0,1.0,13.7,0.0,75.0,900.0,0.03,1000.0,2500.0,3.224,0.39,35800.0,0.492,3.283,3.798,1.0,0.0,0.591,0.001,0.182,0.226,0.0,75.0,6.9,373.2,273.1,3.224,1.292,0.0,101300.0,730.0,0.0,7.1,Grid_Runs_out_run18957.txt,21838.0,3.599,-3.107,1.0,0.014317893796526,0.018516097,u75_T900,75,900
0,0.0,1.0,15.0,0.0,75.0,900.0,0.03,1000.0,2500.0,3.131,0.38,41400.0,0.542,3.407,3.934,1.0,0.0,0.601,0.001,0.187,0.211,0.0,75.0,7.5,373.2,273.1,3.131,1.292,0.0,101300.0,661.0,0.0,7.7,Grid_Runs_out_run34902.txt,25668.0,3.752,-3.21,1.0,0.0153651357393803,0.019114213,u75_T900,75,900
0,0.0,1.0,16.8,0.0,75.0,900.0,0.03,1000.0,2500.0,3.042,0.37,50800.0,0.543,3.589,4.134,1.0,0.0,0.61,0.001,0.192,0.196,0.0,75.0,8.4,373.2,273.1,3.042,1.292,0.0,101300.0,596.0,0.0,8.6,Grid_Runs_out_run19805.txt,32004.0,3.972,-3.429,1.0,0.0168552268244575,0.02031517,u75_T900,75,900
0,0.0,1.0,19.3,0.0,75.0,900.0,0.03,1000.0,2500.0,2.959,0.36,65000.0,0.528,3.82,4.385,1.0,0.0,0.62,0.001,0.198,0.181,0.0,75.0,9.7,373.2,273.1,2.959,1.292,0.0,101300.0,535.0,0.0,9.8,Grid_Runs_out_run34802.txt,41600.0,4.249,-3.721,1.0,0.0189624489354511,0.022051881,u75_T900,75,900
0,0.0,1.0,20.8,0.0,75.0,900.0,0.03,1000.0,2500.0,2.88,0.35,73400.0,0.572,3.941,4.517,1.0,0.0,0.63,0.001,0.203,0.166,0.0,75.0,10.4,373.2,273.1,2.88,1.292,0.0,101300.0,477.0,0.0,10.5,Grid_Runs_out_run26505.txt,47710.0,4.403,-3.831,1.0,0.0200017422222222,0.022507319,u75_T900,75,900
0,0.0,1.0,23.3,0.0,75.0,900.0,0.03,1000.0,2500.0,2.805,0.34,89800.0,0.577,4.147,4.741,1.0,0.0,0.64,0.001,0.209,0.151,0.0,75.0,11.7,373.2,273.1,2.805,1.292,0.0,101300.0,422.0,0.0,11.7,Grid_Runs_out_run24651.txt,59268.0,4.657,-4.08,1.0,0.0219183806060606,0.023895095,u75_T900,75,900
0,0.0,1.0,24.6,0.0,75.0,900.0,0.03,1000.0,2500.0,2.734,0.33,97800.0,0.729,4.238,4.839,1.0,0.0,0.649,0.001,0.214,0.135,0.0,75.0,12.3,373.2,273.1,2.734,1.292,0.0,101300.0,370.0,0.0,12.3,Grid_Runs_out_run30480.txt,65526.0,4.779,-4.05,1.0,0.0226281129480614,0.023941664,u75_T900,75,900
0,0.0,1.0,28.6,0.0,75.0,900.0,0.03,1000.0,2500.0,2.666,0.32,128000.0,0.613,4.542,5.168,1.0,0.0,0.659,0.001,0.22,0.12,0.0,75.0,14.3,373.2,273.1,2.666,1.292,0.0,101300.0,321.0,0.0,14.2,Grid_Runs_out_run29014.txt,87040.0,5.149,-4.536,1.0,0.025706272168042,0.02633656,u75_T900,75,900
0,0.0,1.0,31.2,0.0,75.0,900.0,0.03,1000.0,2500.0,2.602,0.31,149000.0,0.651,4.715,5.355,1.0,0.0,0.669,0.001,0.225,0.105,0.0,75.0,15.6,373.2,273.1,2.602,1.292,0.0,101300.0,274.0,0.0,15.4,Grid_Runs_out_run23356.txt,102810.0,5.371,-4.72,1.0,0.0273946072252113,0.027231777,u75_T900,75,900
0,0.0,1.0,35.0,0.0,75.0,900.0,0.03,1000.0,2500.0,2.54,0.3,183000.0,0.656,4.97,5.628,1.0,0.0,0.678,0.001,0.231,0.09,0.0,75.0,17.5,373.2,273.1,2.54,1.292,0.0,101300.0,229.0,0.0,17.2,Grid_Runs_out_run27099.txt,128100.0,5.689,-5.033,1.0,0.0299913070866141,0.028975237,u75_T900,75,900
0,0.0,1.0,37.8,0.0,75.0,900.0,0.03,1000.0,2500.0,2.482,0.29,209000.0,0.698,5.138,5.809,1.0,0.0,0.688,0.001,0.236,0.0748,0.0,75.0,18.9,373.2,273.1,2.482,1.292,0.0,101300.0,186.0,0.0,18.5,Grid_Runs_out_run35465.txt,148390.0,5.909,-5.211,1.0,0.0316070136986301,0.029716842,u75_T900,75,900
0,0.0,1.0,40.4,0.0,75.0,900.0,0.03,1000.0,2500.0,2.426,0.28,233000.0,0.796,5.286,5.968,1.0,0.0,0.698,0.001,0.242,0.0597,0.0,75.0,20.2,373.2,273.1,2.426,1.292,0.0,101300.0,145.0,0.0,19.7,Grid_Runs_out_run18774.txt,167760.0,6.105,-5.309,1.0,0.0329344263808738,0.030155272,u75_T900,75,900
0,0.0,1.0,45.7,0.0,75.0,900.0,0.03,1000.0,2500.0,2.373,0.27,292000.0,0.763,5.597,6.301,1.0,0.0,0.707,0.001,0.247,0.0445,0.0,75.0,22.9,373.2,273.1,2.373,1.292,0.0,101300.0,106.0,0.0,22.2,Grid_Runs_out_run36149.txt,213160.0,6.497,-5.734,1.0,0.0363070226717235,0.032393855,u75_T900,75,900
0,0.0,1.0,50.9,0.0,75.0,900.0,0.03,1000.0,2500.0,2.321,0.26,354000.0,0.781,5.877,6.599,1.0,0.0,0.717,0.001,0.253,0.0294,0.0,75.0,25.4,373.2,273.1,2.321,1.292,0.0,101300.0,68.1,0.0,24.6,Grid_Runs_out_run28362.txt,261960.0,6.854,-6.073,1.0,0.039355415079707,0.034169172,u75_T900,75,900
0,0.0,1.0,53.6,0.0,75.0,900.0,0.03,1000.0,2500.0,2.272,0.25,384000.0,0.981,6.0,6.731,1.0,0.0,0.727,0.001,0.258,0.0142,0.0,75.0,26.8,373.2,273.1,2.272,1.292,0.0,101300.0,32.3,0.0,25.8,Grid_Runs_out_run36035.txt,288000.0,7.027,-6.046,1.0,0.0403207887323943,0.034129486,u75_T900,75,900
0,0.0,1.0,61.5,0.0,75.0,900.0,0.03,1000.0,2500.0,2.224,0.24,496000.0,0.856,6.401,7.156,1.0,0.0,0.736,0.001,0.263,0.0,0.0,75.0,30.8,374.9,273.1,2.224,1.292,0.0,101300.0,0.0,0.0,29.5,Grid_Runs_out_run19932.txt,376960.0,7.561,-6.705,1.0,0.0449472086330935,0.037112644,u75_T900,75,900
0,0.0,1.0,72.7,0.0,75.0,900.0,0.03,1000.0,2500.0,2.148,0.23,669000.0,0.872,6.908,7.693,1.0,0.0,0.746,0.001,0.253,0.0,0.0,75.0,36.4,402.9,273.1,2.148,1.292,0.0,101300.0,0.0,0.0,34.5,Grid_Runs_out_run24911.txt,515130.0,8.26,-7.388,1.0,0.0505266353817504,0.039863628,u75_T900,75,900
0,0.0,1.0,94.1,0.0,75.0,900.0,0.03,1000.0,2500.0,2.087,0.22,1090000.0,1.105,7.818,8.651,1.0,0.0,0.756,0.001,0.243,0.0,0.0,75.0,47.1,431.2,273.1,2.087,1.292,0.0,101300.0,0.0,0.0,44.3,Grid_Runs_out_run21695.txt,850200.0,9.483,-8.378,1.0,0.0625145031145184,0.047539523,u75_T900,75,900
0,0.0,1.0,168.4,0.0,75.0,900.0,0.03,1000.0,2500.0,2.038,0.21,3400000.0,1.589,10.441,11.384,1.0,0.0,0.766,0.001,0.233,0.0,0.0,75.0,84.2,459.9,273.1,2.038,1.292,0.0,101300.0,0.0,0.0,78.8,Grid_Runs_out_run19002.txt,2686000.0,12.381,-10.792,1.0,0.1075036514229636,0.07935038,u75_T900,75,900
0,0.0,1.0,295.4,0.0,75.0,900.0,0.03,1000.0,2500.0,1.999,0.2,10300000.0,1.539,13.826,14.86,1.0,0.0,0.775,0.001,0.224,0.0,0.0,75.0,147.7,488.9,273.1,1.999,1.292,0.0,101300.0,0.0,0.0,137.8,Grid_Runs_out_run31127.txt,8240000.0,14.791,-13.252,2.0,0.1822063847923962,0.131508129,u75_T900,75,900
0,0.0,1.0,422.5,0.0,75.0,900.0,0.03,1000.0,2500.0,1.971,0.19,20700000.0,1.666,16.521,17.596,1.0,0.0,0.785,0.001,0.214,0.0,0.0,75.0,211.3,518.3,273.1,1.971,1.292,0.0,101300.0,0.0,0.0,196.9,Grid_Runs_out_run22870.txt,16767000.0,16.787,-15.121,2.0,0.2538378285134449,0.180467689,u75_T900,75,900
0,0.0,1.0,548.6,0.0,75.0,900.0,0.03,1000.0,2500.0,1.952,0.18,34600000.0,1.878,18.819,19.91,1.0,0.0,0.795,0.001,0.204,0.0,0.0,75.0,274.3,548.1,273.1,1.952,1.292,0.0,101300.0,0.0,0.0,256.0,Grid_Runs_out_run30682.txt,28372000.0,18.787,-16.909,2.0,0.323494131147541,0.228069845,u75_T900,75,900
0,0.0,1.0,367.1,0.0,75.0,900.0,0.03,1000.0,2500.0,4.807,0.01,38200000.0,0.85,19.292,20.385,1.0,0.0,0.959,0.001,0.0397,0.0,0.0,75.0,183.6,1131.6,273.1,4.807,1.292,0.0,101300.0,0.0,0.0,295.4,Grid_Runs_out_run25517.txt,37818000.0,0.649,0.201,3.0,0.468146814229249,1.401586118,u75_T900,75,900
0,0.0,1.0,457.6,0.0,75.0,900.0,0.03,1000.0,2500.0,4.015,0.02,49500000.0,0.831,20.612,21.706,1.0,0.0,0.95,0.001,0.0494,0.0,0.0,75.0,228.8,1092.4,273.1,4.015,1.292,0.0,101300.0,0.0,0.0,334.8,Grid_Runs_out_run27924.txt,48510000.0,0.578,0.253,3.0,0.541245860821918,1.230600416,u75_T900,75,900
0,0.0,1.0,715.0,0.0,75.0,900.0,0.03,1000.0,2500.0,1.942,0.17,58500000.0,1.653,21.501,22.594,1.0,0.0,0.804,0.001,0.195,0.0,0.0,75.0,357.5,578.2,273.1,1.942,1.292,0.0,101300.0,0.0,0.0,334.8,Grid_Runs_out_run30247.txt,48555000.0,0.578,1.075,3.0,0.4173656024716786,0.293753313,u75_T900,75,900
0,0.0,1.0,522.5,0.0,75.0,900.0,0.03,1000.0,2500.0,3.488,0.03,56100000.0,0.98,21.275,22.368,1.0,0.0,0.94,0.001,0.059,0.0,0.0,75.0,261.3,1053.4,273.1,3.488,1.292,0.0,101300.0,0.0,0.0,354.5,Grid_Runs_out_run27064.txt,54417000.0,0.557,0.423,3.0,0.573705,1.050830192,u75_T900,75,900
0,0.0,1.0,617.5,0.0,75.0,900.0,0.03,1000.0,2500.0,3.114,0.04,69900000.0,0.988,22.501,23.589,1.0,0.0,0.93,0.001,0.0687,0.0,0.0,75.0,308.8,1015.3,273.1,3.114,1.292,0.0,101300.0,0.0,0.0,393.8,Grid_Runs_out_run24329.txt,67104000.0,0.529,0.459,3.0,0.6301054078355811,0.968518791,u75_T900,75,900
0,0.0,1.0,836.2,0.0,75.0,900.0,0.03,1000.0,2500.0,1.941,0.16,79900000.0,1.711,23.278,24.361,1.0,0.0,0.814,0.001,0.185,0.0,0.0,75.0,418.1,608.8,273.1,1.941,1.292,0.0,101300.0,0.0,0.0,393.8,Grid_Runs_out_run24033.txt,67116000.0,0.529,1.182,3.0,0.4876135946419372,0.344988307,u75_T900,75,900
0,0.0,1.0,912.5,0.0,75.0,900.0,0.03,1000.0,2500.0,1.949,0.15,95600000.0,2.034,24.359,25.433,1.0,0.0,0.824,0.001,0.175,0.0,0.0,75.0,456.3,639.8,273.1,1.949,1.292,0.0,101300.0,0.0,0.0,433.2,Grid_Runs_out_run23167.txt,81260000.0,0.51,1.524,3.0,0.5364544894817856,0.384182682,u75_T900,75,900
0,0.0,1.0,781.7,0.0,75.0,900.0,0.03,1000.0,2500.0,2.625,0.06,94500000.0,1.181,24.288,25.363,1.0,0.0,0.911,0.001,0.0881,0.0,0.0,75.0,390.9,941.4,273.1,2.625,1.292,0.0,101300.0,0.0,0.0,452.9,Grid_Runs_out_run33909.txt,88830000.0,0.503,0.678,3.0,0.6922890051047619,0.814922741,u75_T900,75,900
0,0.0,1.0,847.0,0.0,75.0,900.0,0.03,1000.0,2500.0,2.461,0.07,104000000.0,1.405,24.885,25.954,1.0,0.0,0.901,0.001,0.0978,0.0,0.0,75.0,423.5,905.5,273.1,2.461,1.292,0.0,101300.0,0.0,0.0,472.6,Grid_Runs_out_run32273.txt,96720000.0,0.496,0.909,3.0,0.7016698057700121,0.745748168,u75_T900,75,900
0,0.0,1.0,1026.5,0.0,75.0,900.0,0.03,1000.0,2500.0,1.966,0.14,122000000.0,1.715,25.917,26.974,1.0,0.0,0.833,0.001,0.166,0.0,0.0,75.0,513.3,671.2,273.1,1.966,1.292,0.0,101300.0,0.0,0.0,492.3,Grid_Runs_out_run18395.txt,104920000.0,0.491,1.224,3.0,0.6137363092573753,0.447892406,u75_T900,75,900
0,0.0,1.0,1098.5,0.0,75.0,900.0,0.03,1000.0,2500.0,2.081,0.11,148000000.0,1.571,27.216,28.256,1.0,0.0,0.862,0.001,0.137,0.0,0.0,75.0,549.3,768.3,273.1,2.081,1.292,0.0,101300.0,0.0,0.0,551.4,Grid_Runs_out_run27331.txt,131720000.0,0.477,1.094,3.0,0.7263592388274867,0.587256364,u75_T900,75,900
0,0.0,1.0,1118.3,0.0,75.0,900.0,0.03,1000.0,2500.0,2.031,0.12,150000000.0,1.577,27.293,28.331,1.0,0.0,0.853,0.001,0.146,0.0,0.0,75.0,559.1,735.5,273.1,2.031,1.292,0.0,101300.0,0.0,0.0,551.4,Grid_Runs_out_run23905.txt,132000000.0,0.477,1.1,3.0,0.7096420151649434,0.550041132,u75_T900,75,900
0,0.0,1.0,33.7,0.0,75.0,1100.0,0.03,1000.0,2500.0,2.604,0.41,174000.0,0.762,4.907,5.561,1.0,0.0,0.572,0.001,0.225,0.202,0.0,75.0,16.8,373.2,273.1,2.604,1.292,0.0,101300.0,527.0,0.0,15.4,Grid_Runs_out_run52465.txt,102660.0,5.746,-4.984,1.0,0.0296121019969278,0.027273352,u75_T1100,75,1100
0,0.0,1.0,30.9,0.0,75.0,1100.0,0.03,1000.0,2500.0,2.68,0.42,151000.0,0.657,4.729,5.37,1.0,0.0,0.562,0.001,0.219,0.218,0.0,75.0,15.4,373.2,273.1,2.68,1.292,0.0,101300.0,585.0,0.0,14.2,Grid_Runs_out_run51584.txt,87580.0,5.509,-4.852,1.0,0.0279099868656716,0.026604909,u75_T1100,75,1100
0,0.0,1.0,27.9,0.0,75.0,1100.0,0.03,1000.0,2500.0,2.76,0.43,126000.0,0.617,4.524,5.148,1.0,0.0,0.552,0.001,0.212,0.234,0.0,75.0,13.9,373.2,273.1,2.76,1.292,0.0,101300.0,647.0,0.0,12.9,Grid_Runs_out_run40133.txt,71820.0,5.243,-4.626,1.0,0.0258802017391304,0.025562289,u75_T1100,75,1100
0,0.0,1.0,25.1,0.0,75.0,1100.0,0.03,1000.0,2500.0,2.845,0.44,106000.0,0.584,4.324,4.933,1.0,0.0,0.543,0.001,0.206,0.251,0.0,75.0,12.6,373.2,273.1,2.845,1.292,0.0,101300.0,713.0,0.0,11.7,Grid_Runs_out_run51296.txt,59360.0,4.985,-4.401,1.0,0.0238951294200351,0.024526822,u75_T1100,75,1100
0,0.0,1.0,22.4,0.0,75.0,1100.0,0.03,1000.0,2500.0,2.936,0.45,86800.0,0.561,4.112,4.702,1.0,0.0,0.533,0.001,0.199,0.267,0.0,75.0,11.2,373.2,273.1,2.936,1.292,0.0,101300.0,783.0,0.0,10.5,Grid_Runs_out_run40090.txt,47740.0,4.715,-4.154,1.0,0.0218746070844686,0.023301028,u75_T1100,75,1100
0,0.0,1.0,19.5,0.0,75.0,1100.0,0.03,1000.0,2500.0,3.032,0.46,67900.0,0.564,3.863,4.432,1.0,0.0,0.523,0.001,0.193,0.283,0.0,75.0,9.7,373.2,273.1,3.032,1.292,0.0,101300.0,857.0,0.0,9.2,Grid_Runs_out_run54172.txt,36666.0,4.405,-3.841,1.0,0.0195164643799472,0.021608322,u75_T1100,75,1100
0,0.0,1.0,18.1,0.0,75.0,1100.0,0.03,1000.0,2500.0,3.136,0.47,60400.0,0.501,3.75,4.309,1.0,0.0,0.514,0.001,0.187,0.299,0.0,75.0,9.0,373.2,273.1,3.136,1.292,0.0,101300.0,937.0,0.0,8.6,Grid_Runs_out_run44269.txt,32012.0,4.255,-3.754,1.0,0.0185613653061224,0.021406385,u75_T1100,75,1100
0,0.0,1.0,15.4,0.0,75.0,1100.0,0.03,1000.0,2500.0,3.246,0.48,45600.0,0.511,3.492,4.027,1.0,0.0,0.504,0.001,0.18,0.315,0.0,75.0,7.7,373.2,273.1,3.246,1.292,0.0,101300.0,1020.0,0.0,7.4,Grid_Runs_out_run44506.txt,23712.0,3.939,-3.428,1.0,0.0161675139864448,0.019518222,u75_T1100,75,1100
0,0.0,1.0,13.5,0.0,75.0,1100.0,0.03,1000.0,2500.0,3.364,0.49,35900.0,0.506,3.285,3.8,1.0,0.0,0.494,0.001,0.174,0.331,0.0,75.0,6.7,373.2,273.1,3.364,1.292,0.0,101300.0,1110.0,0.0,6.5,Grid_Runs_out_run42274.txt,18309.0,3.686,-3.18,1.0,0.0145015362663495,0.018179715,u75_T1100,75,1100
0,0.0,1.0,11.9,0.0,75.0,1100.0,0.03,1000.0,2500.0,3.492,0.5,29100.0,0.477,3.116,3.614,1.0,0.0,0.485,0.001,0.168,0.347,0.0,75.0,6.0,373.2,273.1,3.492,1.292,0.0,101300.0,1210.0,0.0,5.8,Grid_Runs_out_run43627.txt,14550.0,3.477,-3.0,1.0,0.0130750057273768,0.017224025,u75_T1100,75,1100
0,0.0,1.0,10.6,0.0,75.0,1100.0,0.03,1000.0,2500.0,3.629,0.51,23900.0,0.443,2.963,3.446,1.0,0.0,0.475,0.001,0.161,0.363,0.0,75.0,5.3,373.2,273.1,3.629,1.292,0.0,101300.0,1320.0,0.0,5.2,Grid_Runs_out_run53397.txt,11711.0,3.288,-2.845,1.0,0.0119048544502617,0.016403859,u75_T1100,75,1100
0,0.0,1.0,9.3,0.0,75.0,1100.0,0.03,1000.0,2500.0,3.778,0.52,19100.0,0.419,2.799,3.264,1.0,0.0,0.465,0.001,0.155,0.379,0.0,75.0,4.6,373.2,273.1,3.778,1.292,0.0,101300.0,1430.0,0.0,4.6,Grid_Runs_out_run44948.txt,9168.0,3.089,-2.67,1.0,0.0106725598729486,0.01543629,u75_T1100,75,1100
0,0.0,1.0,7.6,0.0,75.0,1100.0,0.03,1000.0,2500.0,3.939,0.53,13300.0,0.452,2.553,2.992,1.0,0.0,0.455,0.001,0.148,0.395,0.0,75.0,3.8,373.2,273.1,3.939,1.292,0.0,101300.0,1560.0,0.0,3.8,Grid_Runs_out_run41531.txt,6251.0,2.802,-2.35,1.0,0.0089069298806803,0.013577553,u75_T1100,75,1100
0,0.0,1.0,6.3,0.0,75.0,1100.0,0.03,1000.0,2500.0,4.115,0.54,9640.0,0.505,2.353,2.769,1.0,0.0,0.446,0.001,0.142,0.411,0.0,75.0,3.2,373.2,273.1,4.115,1.292,0.0,101300.0,1690.0,0.0,3.2,Grid_Runs_out_run37743.txt,4434.4,2.568,-2.063,1.0,0.0075375129040097,0.012193962,u75_T1100,75,1100
0,0.0,1.0,5.5,0.0,75.0,1100.0,0.03,1000.0,2500.0,4.307,0.55,7540.0,0.385,2.211,2.61,1.0,0.0,0.436,0.001,0.136,0.427,0.0,75.0,2.7,373.2,273.1,4.307,1.292,0.0,101300.0,1840.0,0.0,2.8,Grid_Runs_out_run37448.txt,3393.0,2.399,-2.014,1.0,0.0067146227072208,0.011395393,u75_T1100,75,1100
0,0.0,1.0,4.2,0.0,75.0,1100.0,0.03,1000.0,2500.0,4.518,0.56,4760.0,0.377,1.967,2.336,1.0,0.0,0.426,0.001,0.129,0.443,0.0,75.0,2.1,373.2,273.1,4.518,1.292,0.0,101300.0,2000.0,0.0,2.2,Grid_Runs_out_run48271.txt,2094.4,2.123,-1.746,1.0,0.0052301471447543,0.009580121,u75_T1100,75,1100
0,0.0,1.0,2.1,0.0,75.0,1100.0,0.03,1000.0,2500.0,5.009,0.58,1250.0,0.265,1.4,1.691,1.0,0.0,0.407,0.001,0.116,0.476,0.0,75.0,1.0,373.2,273.1,5.009,1.292,0.0,101300.0,2380.0,0.0,1.1,Grid_Runs_out_run40863.txt,525.0,1.493,-1.228,1.0,0.0027177362347774,0.005519112,u75_T1100,75,1100
0,0.0,1.0,37.8,0.0,75.0,1100.0,0.03,1000.0,2500.0,2.533,0.4,213000.0,0.772,5.168,5.841,1.0,0.0,0.581,0.001,0.231,0.186,0.0,75.0,18.9,373.2,273.1,2.533,1.292,0.0,101300.0,472.0,0.0,17.2,Grid_Runs_out_run36830.txt,127800.0,6.084,-5.312,1.0,0.032297943624161,0.028812716,u75_T1100,75,1100
0,0.0,1.0,43.6,0.0,75.0,1100.0,0.03,1000.0,2500.0,2.465,0.39,275000.0,0.734,5.514,6.211,1.0,0.0,0.591,0.001,0.238,0.17,0.0,75.0,21.8,373.2,273.1,2.465,1.292,0.0,101300.0,419.0,0.0,19.7,Grid_Runs_out_run42102.txt,167750.0,6.527,-5.793,1.0,0.0361837903448275,0.031192358,u75_T1100,75,1100
0,0.0,1.0,49.3,0.0,75.0,1100.0,0.03,1000.0,2500.0,2.401,0.38,344000.0,0.751,5.834,6.554,1.0,0.0,0.601,0.001,0.244,0.154,0.0,75.0,24.7,373.2,273.1,2.401,1.292,0.0,101300.0,370.0,0.0,22.2,Grid_Runs_out_run49021.txt,213280.0,6.944,-6.193,1.0,0.0397130082465639,0.033232919,u75_T1100,75,1100
0,0.0,1.0,54.9,0.0,75.0,1100.0,0.03,1000.0,2500.0,2.34,0.37,416000.0,0.787,6.122,6.86,1.0,0.0,0.61,0.001,0.251,0.138,0.0,75.0,27.5,373.2,273.1,2.34,1.292,0.0,101300.0,323.0,0.0,24.6,Grid_Runs_out_run39610.txt,262080.0,7.324,-6.537,1.0,0.0428809353846153,0.034800089,u75_T1100,75,1100
0,0.0,1.0,60.8,0.0,75.0,1100.0,0.03,1000.0,2500.0,2.282,0.36,497000.0,0.841,6.405,7.16,1.0,0.0,0.62,0.001,0.257,0.122,0.0,75.0,30.4,373.2,273.1,2.282,1.292,0.0,101300.0,278.0,0.0,27.1,Grid_Runs_out_run40442.txt,318080.0,7.702,-6.861,1.0,0.0460012480280455,0.036214997,u75_T1100,75,1100
0,0.0,1.0,66.5,0.0,75.0,1100.0,0.03,1000.0,2500.0,2.227,0.35,580000.0,0.955,6.66,7.431,1.0,0.0,0.63,0.001,0.263,0.106,0.0,75.0,33.2,373.2,273.1,2.227,1.292,0.0,101300.0,236.0,0.0,29.5,Grid_Runs_out_run48952.txt,377000.0,8.05,-7.095,1.0,0.048692213740458,0.037232105,u75_T1100,75,1100
0,0.0,1.0,78.1,0.0,75.0,1100.0,0.03,1000.0,2500.0,2.174,0.34,781000.0,0.896,7.184,7.985,1.0,0.0,0.64,0.001,0.27,0.0898,0.0,75.0,39.0,373.2,273.1,2.174,1.292,0.0,101300.0,195.0,0.0,34.5,Grid_Runs_out_run37968.txt,515460.0,8.773,-7.877,1.0,0.0552594502299907,0.04107444,u75_T1100,75,1100
0,0.0,1.0,83.9,0.0,75.0,1100.0,0.03,1000.0,2500.0,2.124,0.33,880000.0,1.042,7.406,8.218,1.0,0.0,0.649,0.001,0.276,0.0737,0.0,75.0,41.9,373.2,273.1,2.124,1.292,0.0,101300.0,157.0,0.0,36.9,Grid_Runs_out_run53879.txt,589600.0,9.116,-8.074,1.0,0.0573161822975517,0.041441328,u75_T1100,75,1100
0,0.0,1.0,95.4,0.0,75.0,1100.0,0.03,1000.0,2500.0,2.077,0.32,1110000.0,1.058,7.859,8.695,1.0,0.0,0.659,0.001,0.282,0.0576,0.0,75.0,47.7,373.2,273.1,2.077,1.292,0.0,101300.0,120.0,0.0,41.8,Grid_Runs_out_run52533.txt,754800.0,9.756,-8.698,1.0,0.062882241694752,0.044292471,u75_T1100,75,1100
0,0.0,1.0,107.2,0.0,75.0,1100.0,0.03,1000.0,2500.0,2.031,0.31,1370000.0,1.141,8.293,9.15,1.0,0.0,0.669,0.001,0.289,0.0415,0.0,75.0,53.6,373.2,273.1,2.031,1.292,0.0,101300.0,84.4,0.0,46.8,Grid_Runs_out_run38737.txt,945300.0,10.372,-9.231,1.0,0.068026132545544,0.046684666,u75_T1100,75,1100
0,0.0,1.0,124.6,0.0,75.0,1100.0,0.03,1000.0,2500.0,1.987,0.3,1820000.0,1.127,8.903,9.787,1.0,0.0,0.678,0.001,0.295,0.0255,0.0,75.0,62.3,373.2,273.1,1.987,1.292,0.0,101300.0,50.6,0.0,54.2,Grid_Runs_out_run46711.txt,1274000.0,11.212,-10.085,1.0,0.0760066270759939,0.050847319,u75_T1100,75,1100
0,0.0,1.0,136.4,0.0,75.0,1100.0,0.03,1000.0,2500.0,1.945,0.29,2130000.0,1.323,9.27,10.169,1.0,0.0,0.688,0.001,0.302,0.00939,0.0,75.0,68.2,373.2,273.1,1.945,1.292,0.0,101300.0,18.3,0.0,59.1,Grid_Runs_out_run48676.txt,1512300.0,11.621,-10.298,1.0,0.0798646194344473,0.052093631,u75_T1100,75,1100
0,0.0,1.0,160.1,0.0,75.0,1100.0,0.03,1000.0,2500.0,1.89,0.28,2860000.0,1.309,9.985,10.913,1.0,0.0,0.698,0.001,0.301,0.0,0.0,75.0,80.1,384.5,273.1,1.89,1.292,0.0,101300.0,0.0,0.0,68.9,Grid_Runs_out_run44894.txt,2059200.0,12.258,-10.949,1.0,0.088344027089947,0.055616592,u75_T1100,75,1100
0,0.0,1.0,208.8,0.0,75.0,1100.0,0.03,1000.0,2500.0,1.813,0.27,4660000.0,1.716,11.307,12.279,1.0,0.0,0.707,0.001,0.292,0.0,0.0,75.0,104.4,414.0,273.1,1.813,1.292,0.0,101300.0,0.0,0.0,88.6,Grid_Runs_out_run39846.txt,3401800.0,13.266,-11.55,2.0,0.1046446173193601,0.062309664,u75_T1100,75,1100
0,0.0,1.0,398.6,0.0,75.0,1100.0,0.03,1000.0,2500.0,1.752,0.26,16400000.0,2.594,15.567,16.63,1.0,0.0,0.717,0.001,0.282,0.0,0.0,75.0,199.3,443.2,273.1,1.752,1.292,0.0,101300.0,0.0,0.0,167.4,Grid_Runs_out_run51431.txt,12136000.0,16.345,-13.751,2.0,0.1825187579908675,0.10394348,u75_T1100,75,1100
0,0.0,1.0,803.7,0.0,75.0,1100.0,0.03,1000.0,2500.0,1.701,0.25,64700000.0,2.275,22.061,23.151,1.0,0.0,0.727,0.001,0.272,0.0,0.0,75.0,401.8,472.7,273.1,1.701,1.292,0.0,101300.0,0.0,0.0,334.8,Grid_Runs_out_run42315.txt,48525000.0,21.693,-19.418,2.0,0.3370229248677249,0.184838623,u75_T1100,75,1100
0,0.0,1.0,609.7,0.0,75.0,1100.0,0.03,1000.0,2500.0,4.097,0.01,89700000.0,0.858,23.97,25.048,1.0,0.0,0.959,0.001,0.0397,0.0,0.0,75.0,304.9,1327.9,273.1,4.097,1.292,0.0,101300.0,0.0,0.0,452.9,Grid_Runs_out_run43660.txt,88803000.0,0.636,0.222,3.0,0.7279969792531121,1.714822421,u75_T1100,75,1100
0,0.0,1.0,758.9,0.0,75.0,1100.0,0.03,1000.0,2500.0,3.414,0.02,116000000.0,1.018,25.577,26.639,1.0,0.0,0.95,0.001,0.0494,0.0,0.0,75.0,379.5,1284.8,273.1,3.414,1.292,0.0,101300.0,0.0,0.0,512.0,Grid_Runs_out_run44846.txt,113680000.0,0.583,0.435,3.0,0.8226458216754539,1.466558217,u75_T1100,75,1100
0,0.0,1.0,1331.4,0.0,75.0,1100.0,0.03,1000.0,2500.0,1.659,0.24,173000000.0,2.509,28.329,29.35,1.0,0.0,0.736,0.001,0.263,0.0,0.0,75.0,665.7,502.6,273.1,1.659,1.292,0.0,101300.0,0.0,0.0,551.4,Grid_Runs_out_run48855.txt,131480000.0,0.561,1.948,3.0,0.5136587746835443,0.273159804,u75_T1100,75,1100
0,0.0,1.0,945.2,0.0,75.0,1100.0,0.03,1000.0,2500.0,2.961,0.03,156000000.0,1.159,27.578,28.612,1.0,0.0,0.94,0.001,0.059,0.0,0.0,75.0,472.6,1241.2,273.1,2.961,1.292,0.0,101300.0,0.0,0.0,590.8,Grid_Runs_out_run49528.txt,151320000.0,0.545,0.614,3.0,0.9291549028031072,1.331008381,u75_T1100,75,1100
0,0.0,1.0,1207.8,0.0,75.0,1100.0,0.03,1000.0,2500.0,2.638,0.04,227000000.0,1.13,30.334,31.318,1.0,0.0,0.93,0.001,0.0687,0.0,0.0,75.0,603.9,1198.4,273.1,2.638,1.292,0.0,101300.0,0.0,0.0,708.9,Grid_Runs_out_run44135.txt,217920000.0,0.514,0.616,3.0,1.074760692645944,1.287994484,u75_T1100,75,1100
0,0.0,1.0,1486.1,0.0,75.0,1100.0,0.03,1000.0,2500.0,2.397,0.05,312000000.0,1.26,32.891,33.818,1.0,0.0,0.921,0.001,0.0784,0.0,0.0,75.0,743.0,1157.6,273.1,2.397,1.292,0.0,101300.0,0.0,0.0,827.1,Grid_Runs_out_run43842.txt,296400000.0,0.496,0.764,3.0,1.1947822411347515,1.233684947,u75_T1100,75,1100
0,0.0,1.0,2005.4,0.0,75.0,1100.0,0.03,1000.0,2500.0,1.624,0.23,385000000.0,2.867,34.696,35.576,1.0,0.0,0.746,0.001,0.253,0.0,0.0,75.0,1002.7,532.9,273.1,1.624,1.292,0.0,101300.0,0.0,0.0,827.1,Grid_Runs_out_run54180.txt,296450000.0,0.496,2.371,3.0,0.7149893123152711,0.370663713,u75_T1100,75,1100
0,0.0,1.0,1777.2,0.0,75.0,1100.0,0.03,1000.0,2500.0,2.212,0.06,412000000.0,1.52,35.293,36.157,1.0,0.0,0.911,0.001,0.0881,0.0,0.0,75.0,888.6,1117.5,273.1,2.212,1.292,0.0,101300.0,0.0,0.0,945.2,Grid_Runs_out_run53766.txt,387280000.0,0.484,1.036,3.0,1.2890966799276673,1.173803789,u75_T1100,75,1100
0,0.0,1.0,2156.5,0.0,75.0,1100.0,0.03,1000.0,2500.0,2.067,0.07,566000000.0,1.75,38.273,39.048,1.0,0.0,0.901,0.001,0.0978,0.0,0.0,75.0,1078.3,1078.2,273.1,2.067,1.292,0.0,101300.0,0.0,0.0,1102.8,Grid_Runs_out_run38600.txt,526380000.0,0.473,1.277,3.0,1.410123560716014,1.153672198,u75_T1100,75,1100
0,0.0,1.0,2710.0,0.0,75.0,1100.0,0.03,1000.0,2500.0,1.951,0.08,844000000.0,1.718,42.359,42.992,1.0,0.0,0.892,0.001,0.107,0.0,0.0,75.0,1355.0,1039.7,273.1,1.951,1.292,0.0,101300.0,0.0,0.0,1339.1,Grid_Runs_out_run45434.txt,776480000.0,0.463,1.255,3.0,1.5964080779087648,1.19119371,u75_T1100,75,1100
0,0.0,1.0,4018.2,0.0,75.0,1100.0,0.03,1000.0,2500.0,1.577,0.21,1500000000.0,3.261,49.015,49.377,1.0,0.0,0.766,0.001,0.233,0.0,0.0,75.0,2009.1,594.5,273.1,1.577,1.292,0.0,101300.0,0.0,0.0,1654.2,Grid_Runs_out_run42245.txt,1185000000.0,0.454,2.807,3.0,1.266459180722891,0.636380471,u75_T1100,75,1100
0,0.0,1.0,4830.2,0.0,75.0,1100.0,0.03,1000.0,2500.0,1.722,0.11,2370000000.0,2.229,55.039,55.118,1.0,0.0,0.862,0.001,0.137,0.0,0.0,75.0,2415.1,928.6,273.1,1.722,1.292,0.0,101300.0,0.0,0.0,2205.5,Grid_Runs_out_run49103.txt,2109300000.0,0.445,1.784,3.0,2.1035212450638787,1.280145944,u75_T1100,75,1100
0,0.0,1.0,5632.3,0.0,75.0,1100.0,0.03,1000.0,2500.0,1.673,0.12,3130000000.0,2.509,59.07,58.941,1.0,0.0,0.853,0.001,0.146,0.0,0.0,75.0,2816.2,892.9,273.1,1.673,1.292,0.0,101300.0,0.0,0.0,2520.6,Grid_Runs_out_run44389.txt,2754400000.0,0.442,2.067,3.0,2.236975844112373,1.296321949,u75_T1100,75,1100
0,0.0,1.0,7575.0,0.0,75.0,1100.0,0.03,1000.0,2500.0,1.551,0.18,5240000000.0,3.447,67.364,66.766,1.0,0.0,0.795,0.001,0.204,0.0,0.0,75.0,3787.5,689.8,273.1,1.551,1.292,0.0,101300.0,0.0,0.0,3150.8,Grid_Runs_out_run41543.txt,4296800000.0,0.438,3.009,3.0,2.2060588007736937,1.101550895,u75_T1100,75,1100
0,0.0,1.0,7275.8,0.0,75.0,1100.0,0.03,1000.0,2500.0,1.603,0.14,5000000000.0,3.046,66.551,66.002,1.0,0.0,0.833,0.001,0.166,0.0,0.0,75.0,3637.9,823.1,273.1,1.603,1.292,0.0,101300.0,0.0,0.0,3150.8,Grid_Runs_out_run44520.txt,4300000000.0,0.438,2.608,3.0,2.461807552838428,1.322711693,u75_T1100,75,1100
0,0.0,1.0,7740.0,0.0,75.0,1100.0,0.03,1000.0,2500.0,1.58,0.15,5580000000.0,3.571,68.425,67.764,1.0,0.0,0.824,0.001,0.175,0.0,0.0,75.0,3870.0,789.1,273.1,1.58,1.292,0.0,101300.0,0.0,0.0,3308.3,Grid_Runs_out_run52366.txt,4743000000.0,0.438,3.133,3.0,2.4604970126582284,1.286119549,u75_T1100,75,1100
0,0.0,1.0,8198.2,0.0,75.0,1100.0,0.03,1000.0,2500.0,1.564,0.16,6190000000.0,3.466,70.272,69.499,1.0,0.0,0.814,0.001,0.185,0.0,0.0,75.0,4099.1,755.5,273.1,1.564,1.292,0.0,101300.0,0.0,0.0,3465.8,Grid_Runs_out_run42375.txt,5199600000.0,0.437,3.029,3.0,2.486549704347827,1.272495832,u75_T1100,75,1100
0,0.0,1.0,7.2,0.0,100.0,700.0,0.03,1000.0,2500.0,3.943,0.34,16200.0,1.683,2.683,3.137,1.0,0.0,0.64,0.001,0.148,0.211,0.0,100.0,3.6,373.2,273.1,3.943,1.292,0.0,101300.0,833.0,0.0,4.3,Grid_Runs_out_run66765.txt,10692.0,2.699,-1.016,1.0,0.0047488062896271,0.008655351,u100_T700,100,700
0,0.0,1.0,7.7,0.0,100.0,700.0,0.03,1000.0,2500.0,3.943,0.34,18500.0,0.848,2.777,3.24,1.0,0.0,0.64,0.001,0.148,0.211,0.0,100.0,3.9,373.2,273.1,3.943,1.292,0.0,101300.0,833.0,0.0,4.6,Grid_Runs_out_run66857.txt,12210.0,2.794,-1.946,1.0,0.0050785845041846,0.009259213,u100_T700,100,700
0,0.0,1.0,9.8,0.0,100.0,700.0,0.03,1000.0,2500.0,3.826,0.33,29000.0,0.767,3.112,3.61,1.0,0.0,0.649,0.001,0.153,0.197,0.0,100.0,4.9,373.2,273.1,3.826,1.292,0.0,101300.0,753.0,0.0,5.8,Grid_Runs_out_run64920.txt,19430.0,3.148,-2.381,1.0,0.0063673207527443,0.011159407,u100_T700,100,700
0,0.0,1.0,11.6,0.0,100.0,700.0,0.03,1000.0,2500.0,3.717,0.32,39300.0,0.753,3.361,3.884,1.0,0.0,0.659,0.001,0.157,0.183,0.0,100.0,5.8,373.2,273.1,3.717,1.292,0.0,101300.0,679.0,0.0,6.8,Grid_Runs_out_run61188.txt,26724.0,3.417,-2.664,1.0,0.0074241404358353,0.012520658,u100_T700,100,700
0,0.0,1.0,13.2,0.0,100.0,700.0,0.03,1000.0,2500.0,3.613,0.31,49600.0,0.783,3.567,4.109,1.0,0.0,0.669,0.001,0.162,0.168,0.0,100.0,6.6,373.2,273.1,3.613,1.292,0.0,101300.0,609.0,0.0,7.7,Grid_Runs_out_run70966.txt,34224.0,3.644,-2.861,1.0,0.0083185976197066,0.013569766,u100_T700,100,700
0,0.0,1.0,14.9,0.0,100.0,700.0,0.03,1000.0,2500.0,3.515,0.3,61000.0,0.827,3.759,4.319,1.0,0.0,0.678,0.001,0.166,0.154,0.0,100.0,7.4,373.2,273.1,3.515,1.292,0.0,101300.0,542.0,0.0,8.6,Grid_Runs_out_run61888.txt,42700.0,3.858,-3.031,1.0,0.0092442016216216,0.014515915,u100_T700,100,700
0,0.0,1.0,17.0,0.0,100.0,700.0,0.03,1000.0,2500.0,3.422,0.29,78100.0,0.789,4.003,4.584,1.0,0.0,0.688,0.001,0.171,0.14,0.0,100.0,8.5,373.2,273.1,3.422,1.292,0.0,101300.0,479.0,0.0,9.8,Grid_Runs_out_run64305.txt,55451.0,4.129,-3.34,1.0,0.0103804821741671,0.015849376,u100_T700,100,700
0,0.0,1.0,19.4,0.0,100.0,700.0,0.03,1000.0,2500.0,3.334,0.28,98800.0,0.78,4.249,4.851,1.0,0.0,0.698,0.001,0.176,0.126,0.0,100.0,9.7,373.2,273.1,3.334,1.292,0.0,101300.0,419.0,0.0,11.1,Grid_Runs_out_run69117.txt,71136.0,4.405,-3.625,1.0,0.0116563043791241,0.017210172,u100_T700,100,700
0,0.0,1.0,20.6,0.0,100.0,700.0,0.03,1000.0,2500.0,3.25,0.27,108000.0,0.905,4.349,4.96,1.0,0.0,0.707,0.001,0.18,0.111,0.0,100.0,10.3,373.2,273.1,3.25,1.292,0.0,101300.0,362.0,0.0,11.7,Grid_Runs_out_run72729.txt,78840.0,4.528,-3.623,1.0,0.0121749042461538,0.017394223,u100_T700,100,700
0,0.0,1.0,22.8,0.0,100.0,700.0,0.03,1000.0,2500.0,3.17,0.26,130000.0,0.914,4.555,5.182,1.0,0.0,0.717,0.001,0.185,0.0972,0.0,100.0,11.4,373.2,273.1,3.17,1.292,0.0,101300.0,308.0,0.0,12.9,Grid_Runs_out_run69285.txt,96200.0,4.765,-3.851,1.0,0.0132507414511041,0.018394661,u100_T700,100,700
0,0.0,1.0,25.3,0.0,100.0,700.0,0.03,1000.0,2500.0,3.095,0.25,155000.0,0.897,4.766,5.409,1.0,0.0,0.727,0.001,0.189,0.083,0.0,100.0,12.6,373.2,273.1,3.095,1.292,0.0,101300.0,257.0,0.0,14.2,Grid_Runs_out_run58680.txt,116250.0,5.01,-4.113,1.0,0.0144585453634895,0.019439745,u100_T700,100,700
0,0.0,1.0,27.6,0.0,100.0,700.0,0.03,1000.0,2500.0,3.022,0.24,180000.0,0.945,4.95,5.607,1.0,0.0,0.736,0.001,0.194,0.0688,0.0,100.0,13.8,373.2,273.1,3.022,1.292,0.0,101300.0,208.0,0.0,15.4,Grid_Runs_out_run68903.txt,136800.0,5.228,-4.283,1.0,0.0154999298477829,0.020228949,u100_T700,100,700
0,0.0,1.0,30.9,0.0,100.0,700.0,0.03,1000.0,2500.0,2.954,0.23,222000.0,0.923,5.218,5.895,1.0,0.0,0.746,0.001,0.198,0.0545,0.0,100.0,15.5,373.2,273.1,2.954,1.292,0.0,101300.0,161.0,0.0,17.2,Grid_Runs_out_run59022.txt,170940.0,5.539,-4.616,1.0,0.01705485436696,0.021705308,u100_T700,100,700
0,0.0,1.0,33.4,0.0,100.0,700.0,0.03,1000.0,2500.0,2.888,0.22,253000.0,0.979,5.397,6.087,1.0,0.0,0.756,0.001,0.203,0.0403,0.0,100.0,16.7,373.2,273.1,2.888,1.292,0.0,101300.0,116.0,0.0,18.5,Grid_Runs_out_run57653.txt,197340.0,5.754,-4.775,1.0,0.0181071947368421,0.022418735,u100_T700,100,700
0,0.0,1.0,35.8,0.0,100.0,700.0,0.03,1000.0,2500.0,2.825,0.21,284000.0,1.11,5.554,6.255,1.0,0.0,0.766,0.001,0.207,0.026,0.0,100.0,17.9,373.2,273.1,2.825,1.292,0.0,101300.0,73.6,0.0,19.7,Grid_Runs_out_run63288.txt,224360.0,5.947,-4.837,1.0,0.0190579304070796,0.022930571,u100_T700,100,700
0,0.0,1.0,40.5,0.0,100.0,700.0,0.03,1000.0,2500.0,2.764,0.2,356000.0,0.994,5.883,6.606,1.0,0.0,0.775,0.001,0.212,0.0118,0.0,100.0,20.2,373.2,273.1,2.764,1.292,0.0,101300.0,32.6,0.0,22.2,Grid_Runs_out_run62554.txt,284800.0,6.331,-5.337,1.0,0.0211589348769898,0.024812315,u100_T700,100,700
0,0.0,1.0,42.9,0.0,100.0,700.0,0.03,1000.0,2500.0,2.705,0.19,390000.0,1.103,6.024,6.755,1.0,0.0,0.785,0.001,0.214,0.0,0.0,100.0,21.4,377.6,273.1,2.705,1.292,0.0,101300.0,0.0,0.0,23.4,Grid_Runs_out_run67015.txt,315900.0,6.526,-5.423,1.0,0.0219837204066543,0.025105248,u100_T700,100,700
0,0.0,1.0,47.5,0.0,100.0,700.0,0.03,1000.0,2500.0,2.641,0.18,469000.0,1.179,6.31,7.06,1.0,0.0,0.795,0.001,0.204,0.0,0.0,100.0,23.8,405.1,273.1,2.641,1.292,0.0,101300.0,0.0,0.0,25.8,Grid_Runs_out_run60881.txt,384580.0,6.903,-5.724,1.0,0.0238016007194244,0.026426409,u100_T700,100,700
0,0.0,1.0,56.9,0.0,100.0,700.0,0.03,1000.0,2500.0,2.595,0.17,660000.0,1.382,6.883,7.667,1.0,0.0,0.804,0.001,0.195,0.0,0.0,100.0,28.5,432.7,273.1,2.595,1.292,0.0,101300.0,0.0,0.0,30.8,Grid_Runs_out_run68988.txt,547800.0,7.637,-6.255,1.0,0.0280277559537572,0.030472047,u100_T700,100,700
0,0.0,1.0,86.5,0.0,100.0,700.0,0.03,1000.0,2500.0,2.564,0.16,1510000.0,1.598,8.487,9.353,1.0,0.0,0.814,0.001,0.185,0.0,0.0,100.0,43.2,460.7,273.1,2.564,1.292,0.0,101300.0,0.0,0.0,46.8,Grid_Runs_out_run69251.txt,1268400.0,9.668,-8.07,1.0,0.0420972964118564,0.045200107,u100_T700,100,700
0,0.0,1.0,154.2,0.0,100.0,700.0,0.03,1000.0,2500.0,2.548,0.15,4760000.0,2.121,11.369,12.343,1.0,0.0,0.824,0.001,0.175,0.0,0.0,100.0,77.1,489.1,273.1,2.548,1.292,0.0,101300.0,0.0,0.0,83.7,Grid_Runs_out_run59221.txt,4046000.0,12.57,-10.449,1.0,0.0745664722135007,0.079821814,u100_T700,100,700
0,0.0,1.0,234.5,0.0,100.0,700.0,0.03,1000.0,2500.0,2.547,0.14,11000000.0,2.264,14.065,15.104,1.0,0.0,0.833,0.001,0.166,0.0,0.0,100.0,117.2,517.9,273.1,2.547,1.292,0.0,101300.0,0.0,0.0,128.0,Grid_Runs_out_run65959.txt,9460000.0,14.376,-12.112,2.0,0.1133513339222615,0.121972012,u100_T700,100,700
0,0.0,1.0,389.1,0.0,100.0,700.0,0.03,1000.0,2500.0,2.589,0.12,30800000.0,2.102,18.267,19.356,1.0,0.0,0.853,0.001,0.146,0.0,0.0,100.0,194.5,576.7,273.1,2.589,1.292,0.0,101300.0,0.0,0.0,216.6,Grid_Runs_out_run72281.txt,27104000.0,17.334,-15.232,2.0,0.1912221354577057,0.213306909,u100_T700,100,700
0,0.0,1.0,453.2,0.0,100.0,700.0,0.03,1000.0,2500.0,2.635,0.11,42500000.0,2.03,19.828,20.921,1.0,0.0,0.862,0.001,0.137,0.0,0.0,100.0,226.6,606.7,273.1,2.635,1.292,0.0,101300.0,0.0,0.0,256.0,Grid_Runs_out_run58560.txt,37825000.0,18.594,-16.564,2.0,0.2265970761290322,0.261049263,u100_T700,100,700
0,0.0,1.0,356.4,0.0,100.0,700.0,0.03,1000.0,2500.0,5.805,0.01,57900000.0,1.544,21.447,22.539,1.0,0.0,0.959,0.001,0.0397,0.0,0.0,100.0,178.2,936.6,273.1,5.805,1.292,0.0,101300.0,0.0,0.0,315.1,Grid_Runs_out_run67911.txt,57321000.0,1.222,0.322,3.0,0.2718127423255814,1.079742585,u100_T700,100,700
0,0.0,1.0,555.8,0.0,100.0,700.0,0.03,1000.0,2500.0,2.899,0.08,70300000.0,1.881,22.533,23.621,1.0,0.0,0.892,0.001,0.107,0.0,0.0,100.0,277.9,699.7,273.1,2.899,1.292,0.0,101300.0,0.0,0.0,334.8,Grid_Runs_out_run72399.txt,64676000.0,1.104,0.777,3.0,0.3022422761641946,0.408514823,u100_T700,100,700
0,0.0,1.0,415.6,0.0,100.0,700.0,0.03,1000.0,2500.0,4.868,0.02,66000000.0,1.456,22.175,23.264,1.0,0.0,0.95,0.001,0.0494,0.0,0.0,100.0,207.8,900.7,273.1,4.868,1.292,0.0,101300.0,0.0,0.0,334.8,Grid_Runs_out_run66722.txt,64680000.0,1.104,0.352,3.0,0.2994963175020542,0.909053521,u100_T700,100,700
0,0.0,1.0,473.7,0.0,100.0,700.0,0.03,1000.0,2500.0,4.244,0.03,74800000.0,1.429,22.888,23.973,1.0,0.0,0.94,0.001,0.059,0.0,0.0,100.0,236.9,865.6,273.1,4.244,1.292,0.0,101300.0,0.0,0.0,354.5,Grid_Runs_out_run61951.txt,72556000.0,1.037,0.392,3.0,0.323231271065033,0.794582666,u100_T700,100,700
0,0.0,1.0,503.0,0.0,100.0,700.0,0.03,1000.0,2500.0,3.803,0.04,75600000.0,1.581,22.948,24.033,1.0,0.0,0.93,0.001,0.0687,0.0,0.0,100.0,251.5,831.1,273.1,3.803,1.292,0.0,101300.0,0.0,0.0,354.5,Grid_Runs_out_run66469.txt,72576000.0,1.037,0.544,3.0,0.325804726005785,0.675879767,u100_T700,100,700
0,0.0,1.0,528.8,0.0,100.0,700.0,0.03,1000.0,2500.0,3.478,0.05,76400000.0,1.706,23.01,24.095,1.0,0.0,0.921,0.001,0.0784,0.0,0.0,100.0,264.4,797.4,273.1,3.478,1.292,0.0,101300.0,0.0,0.0,354.5,Grid_Runs_out_run60050.txt,72580000.0,1.037,0.669,3.0,0.3260476195514663,0.588400307,u100_T700,100,700
0,0.0,1.0,21.2,0.0,100.0,900.0,0.03,1000.0,2500.0,3.43,0.41,121000.0,0.964,4.47,5.09,1.0,0.0,0.572,0.001,0.171,0.257,0.0,100.0,10.6,373.2,273.1,3.43,1.292,0.0,101300.0,880.0,0.0,11.1,Grid_Runs_out_run78739.txt,71390.0,4.852,-3.888,1.0,0.0129633858892128,0.018019269,u100_T900,100,900
0,0.0,1.0,19.9,0.0,100.0,900.0,0.03,1000.0,2500.0,3.542,0.42,110000.0,0.772,4.364,4.976,1.0,0.0,0.562,0.001,0.165,0.272,0.0,100.0,9.9,373.2,273.1,3.542,1.292,0.0,101300.0,963.0,0.0,10.5,Grid_Runs_out_run76230.txt,63800.0,4.714,-3.942,1.0,0.0124009810841332,0.017938177,u100_T900,100,900
0,0.0,1.0,17.3,0.0,100.0,900.0,0.03,1000.0,2500.0,3.663,0.43,85700.0,0.768,4.099,4.688,1.0,0.0,0.552,0.001,0.16,0.287,0.0,100.0,8.6,373.2,273.1,3.663,1.292,0.0,101300.0,1050.0,0.0,9.2,Grid_Runs_out_run73683.txt,48849.0,4.403,-3.635,1.0,0.0109852449631449,0.016562499,u100_T900,100,900
0,0.0,1.0,14.9,0.0,100.0,900.0,0.03,1000.0,2500.0,3.792,0.44,66000.0,0.775,3.835,4.402,1.0,0.0,0.543,0.001,0.154,0.302,0.0,100.0,7.4,373.2,273.1,3.792,1.292,0.0,101300.0,1150.0,0.0,8.0,Grid_Runs_out_run88697.txt,36960.0,4.097,-3.322,1.0,0.0096366693037974,0.015185759,u100_T900,100,900
0,0.0,1.0,13.1,0.0,100.0,900.0,0.03,1000.0,2500.0,3.93,0.45,52900.0,0.729,3.626,4.174,1.0,0.0,0.533,0.001,0.149,0.317,0.0,100.0,6.5,373.2,273.1,3.93,1.292,0.0,101300.0,1250.0,0.0,7.1,Grid_Runs_out_run84873.txt,29095.0,3.853,-3.124,1.0,0.0086262599999999,0.014221311,u100_T900,100,900
0,0.0,1.0,11.3,0.0,100.0,900.0,0.03,1000.0,2500.0,4.079,0.46,41100.0,0.694,3.401,3.927,1.0,0.0,0.523,0.001,0.143,0.332,0.0,100.0,5.7,373.2,273.1,4.079,1.292,0.0,101300.0,1360.0,0.0,6.2,Grid_Runs_out_run75402.txt,22194.0,3.593,-2.899,1.0,0.0075740944103947,0.01312004,u100_T900,100,900
0,0.0,1.0,9.4,0.0,100.0,900.0,0.03,1000.0,2500.0,4.239,0.47,29500.0,0.687,3.125,3.624,1.0,0.0,0.514,0.001,0.138,0.348,0.0,100.0,4.7,373.2,273.1,4.239,1.292,0.0,101300.0,1470.0,0.0,5.2,Grid_Runs_out_run74615.txt,15635.0,3.283,-2.596,1.0,0.0064108199575371,0.011635632,u100_T900,100,900
0,0.0,1.0,7.2,0.0,100.0,900.0,0.03,1000.0,2500.0,4.413,0.48,17800.0,0.796,2.748,3.208,1.0,0.0,0.504,0.001,0.132,0.363,0.0,100.0,3.6,373.2,273.1,4.413,1.292,0.0,101300.0,1600.0,0.0,4.0,Grid_Runs_out_run88543.txt,9256.0,2.871,-2.075,1.0,0.0049952973487423,0.00947895,u100_T900,100,900
0,0.0,1.0,24.8,0.0,100.0,900.0,0.03,1000.0,2500.0,3.324,0.4,160000.0,0.837,4.804,5.45,1.0,0.0,0.581,0.001,0.176,0.242,0.0,100.0,12.4,373.2,273.1,3.324,1.292,0.0,101300.0,803.0,0.0,12.9,Grid_Runs_out_run76572.txt,96000.0,5.245,-4.408,1.0,0.0148724794223826,0.019903063,u100_T900,100,900
0,0.0,1.0,27.5,0.0,100.0,900.0,0.03,1000.0,2500.0,3.224,0.39,191000.0,0.876,5.023,5.686,1.0,0.0,0.591,0.001,0.182,0.226,0.0,100.0,13.7,373.2,273.1,3.224,1.292,0.0,101300.0,730.0,0.0,14.2,Grid_Runs_out_run90295.txt,116510.0,5.513,-4.637,1.0,0.0161664174937965,0.020830609,u100_T900,100,900
0,0.0,1.0,30.0,0.0,100.0,900.0,0.03,1000.0,2500.0,3.131,0.38,221000.0,0.947,5.212,5.889,1.0,0.0,0.601,0.001,0.187,0.211,0.0,100.0,15.0,373.2,273.1,3.131,1.292,0.0,101300.0,661.0,0.0,15.4,Grid_Runs_out_run77493.txt,137020.0,5.751,-4.804,1.0,0.0172857777068029,0.02150349,u100_T900,100,900
0,0.0,1.0,33.7,0.0,100.0,900.0,0.03,1000.0,2500.0,3.042,0.37,271000.0,0.951,5.491,6.188,1.0,0.0,0.61,0.001,0.192,0.196,0.0,100.0,16.8,373.2,273.1,3.042,1.292,0.0,101300.0,596.0,0.0,17.2,Grid_Runs_out_run85234.txt,170730.0,6.09,-5.139,1.0,0.0190185650887574,0.022854567,u100_T900,100,900
0,0.0,1.0,36.4,0.0,100.0,900.0,0.03,1000.0,2500.0,2.959,0.36,309000.0,1.065,5.675,6.384,1.0,0.0,0.62,0.001,0.198,0.181,0.0,100.0,18.2,373.2,273.1,2.959,1.292,0.0,101300.0,535.0,0.0,18.5,Grid_Runs_out_run84316.txt,197760.0,6.325,-5.26,1.0,0.0201168985468063,0.02341606,u100_T900,100,900
0,0.0,1.0,41.4,0.0,100.0,900.0,0.03,1000.0,2500.0,2.88,0.35,388000.0,1.016,6.014,6.746,1.0,0.0,0.63,0.001,0.203,0.166,0.0,100.0,20.7,373.2,273.1,2.88,1.292,0.0,101300.0,477.0,0.0,20.9,Grid_Runs_out_run80345.txt,252200.0,6.739,-5.723,1.0,0.0223937775,0.025200159,u100_T900,100,900
0,0.0,1.0,44.2,0.0,100.0,900.0,0.03,1000.0,2500.0,2.805,0.34,431000.0,1.178,6.178,6.919,1.0,0.0,0.64,0.001,0.209,0.151,0.0,100.0,22.1,373.2,273.1,2.805,1.292,0.0,101300.0,422.0,0.0,22.2,Grid_Runs_out_run74214.txt,284460.0,6.954,-5.776,1.0,0.023388229090909,0.025503418,u100_T900,100,900
0,0.0,1.0,49.3,0.0,100.0,900.0,0.03,1000.0,2500.0,2.734,0.33,521000.0,1.152,6.483,7.244,1.0,0.0,0.649,0.001,0.214,0.135,0.0,100.0,24.6,373.2,273.1,2.734,1.292,0.0,101300.0,370.0,0.0,24.6,Grid_Runs_out_run75495.txt,349070.0,7.336,-6.184,1.0,0.025508368178493,0.026934372,u100_T900,100,900
0,0.0,1.0,54.6,0.0,100.0,900.0,0.03,1000.0,2500.0,2.666,0.32,624000.0,1.18,6.785,7.563,1.0,0.0,0.659,0.001,0.22,0.12,0.0,100.0,27.3,373.2,273.1,2.666,1.292,0.0,101300.0,321.0,0.0,27.1,Grid_Runs_out_run88872.txt,424320.0,7.759,-6.579,1.0,0.0276050309077269,0.02827239,u100_T900,100,900
0,0.0,1.0,59.7,0.0,100.0,900.0,0.03,1000.0,2500.0,2.602,0.31,728000.0,1.271,7.057,7.851,1.0,0.0,0.669,0.001,0.225,0.105,0.0,100.0,29.8,373.2,273.1,2.602,1.292,0.0,101300.0,274.0,0.0,29.5,Grid_Runs_out_run79318.txt,502320.0,8.137,-6.866,1.0,0.0294854215987701,0.029342682,u100_T900,100,900
0,0.0,1.0,70.1,0.0,100.0,900.0,0.03,1000.0,2500.0,2.54,0.3,982000.0,1.154,7.614,8.437,1.0,0.0,0.678,0.001,0.231,0.09,0.0,100.0,35.1,373.2,273.1,2.54,1.292,0.0,101300.0,229.0,0.0,34.5,Grid_Runs_out_run80181.txt,687400.0,8.871,-7.717,1.0,0.0337884207874015,0.032691901,u100_T900,100,900
0,0.0,1.0,75.4,0.0,100.0,900.0,0.03,1000.0,2500.0,2.482,0.29,1110000.0,1.24,7.85,8.685,1.0,0.0,0.688,0.001,0.236,0.0748,0.0,100.0,37.7,373.2,273.1,2.482,1.292,0.0,101300.0,186.0,0.0,36.9,Grid_Runs_out_run73993.txt,788100.0,9.205,-7.965,1.0,0.0354638219178082,0.033341092,u100_T900,100,900
0,0.0,1.0,80.8,0.0,100.0,900.0,0.03,1000.0,2500.0,2.426,0.28,1240000.0,1.348,8.087,8.934,1.0,0.0,0.698,0.001,0.242,0.0597,0.0,100.0,40.4,373.2,273.1,2.426,1.292,0.0,101300.0,145.0,0.0,39.4,Grid_Runs_out_run81092.txt,892800.0,9.542,-8.194,1.0,0.0370512296784831,0.033924681,u100_T900,100,900
0,0.0,1.0,91.3,0.0,100.0,900.0,0.03,1000.0,2500.0,2.373,0.27,1550000.0,1.341,8.553,9.421,1.0,0.0,0.707,0.001,0.247,0.0445,0.0,100.0,45.6,373.2,273.1,2.373,1.292,0.0,101300.0,106.0,0.0,44.3,Grid_Runs_out_run82103.txt,1131500.0,,,,0.0408007118836915,0.036361008,u100_T900,100,900
0,0.0,1.0,96.8,0.0,100.0,900.0,0.03,1000.0,2500.0,2.321,0.26,1710000.0,1.594,8.765,9.643,1.0,0.0,0.717,0.001,0.253,0.0294,0.0,100.0,48.4,373.2,273.1,2.321,1.292,0.0,101300.0,68.1,0.0,46.8,Grid_Runs_out_run83204.txt,1265400.0,10.485,-8.891,1.0,0.0421002426540284,0.03656518,u100_T900,100,900
0,0.0,1.0,107.4,0.0,100.0,900.0,0.03,1000.0,2500.0,2.272,0.25,2060000.0,1.567,9.189,10.085,1.0,0.0,0.727,0.001,0.258,0.0142,0.0,100.0,53.7,373.2,273.1,2.272,1.292,0.0,101300.0,32.3,0.0,51.7,Grid_Runs_out_run80623.txt,1545000.0,11.069,-9.502,1.0,0.0454455158450704,0.038470082,u100_T900,100,900
0,0.0,1.0,118.0,0.0,100.0,900.0,0.03,1000.0,2500.0,2.224,0.24,2430000.0,1.717,9.588,10.5,1.0,0.0,0.736,0.001,0.263,0.0,0.0,100.0,59.0,374.9,273.1,2.224,1.292,0.0,101300.0,0.0,0.0,56.6,Grid_Runs_out_run78684.txt,1846800.0,11.524,-9.807,1.0,0.0485100971223021,0.040053349,u100_T900,100,900
0,0.0,1.0,145.3,0.0,100.0,900.0,0.03,1000.0,2500.0,2.148,0.23,3560000.0,1.567,10.561,11.508,1.0,0.0,0.746,0.001,0.253,0.0,0.0,100.0,72.6,402.9,273.1,2.148,1.292,0.0,101300.0,0.0,0.0,68.9,Grid_Runs_out_run78728.txt,2741200.0,12.347,-10.78,1.0,0.0568033709497206,0.044781587,u100_T900,100,900
0,0.0,1.0,188.3,0.0,100.0,900.0,0.03,1000.0,2500.0,2.087,0.22,5810000.0,1.956,11.96,12.95,1.0,0.0,0.756,0.001,0.243,0.0,0.0,100.0,94.1,431.2,273.1,2.087,1.292,0.0,101300.0,0.0,0.0,88.6,Grid_Runs_out_run89499.txt,4531800.0,13.359,-11.403,2.0,0.0703661851940584,0.053481964,u100_T900,100,900
0,0.0,1.0,315.6,0.0,100.0,900.0,0.03,1000.0,2500.0,2.038,0.21,15900000.0,2.845,15.455,16.517,1.0,0.0,0.766,0.001,0.233,0.0,0.0,100.0,157.8,459.9,273.1,2.038,1.292,0.0,101300.0,0.0,0.0,147.7,Grid_Runs_out_run74588.txt,12561000.0,15.761,-12.916,2.0,0.1133288938174681,0.083661533,u100_T900,100,900
0,0.0,1.0,527.8,0.0,100.0,900.0,0.03,1000.0,2500.0,1.999,0.2,43800000.0,3.411,19.974,21.068,1.0,0.0,0.775,0.001,0.224,0.0,0.0,100.0,263.9,488.9,273.1,1.999,1.292,0.0,101300.0,0.0,0.0,246.2,Grid_Runs_out_run90728.txt,35040000.0,19.1,-15.689,2.0,0.1831238932466233,0.132164238,u100_T900,100,900
0,0.0,1.0,803.0,0.0,100.0,900.0,0.03,1000.0,2500.0,1.971,0.19,99800000.0,2.924,24.629,25.7,1.0,0.0,0.785,0.001,0.214,0.0,0.0,100.0,401.5,518.3,273.1,1.971,1.292,0.0,101300.0,0.0,0.0,374.2,Grid_Runs_out_run81450.txt,80838000.0,22.934,-20.01,2.0,0.2713736666666667,0.192921243,u100_T900,100,900
0,0.0,1.0,1055.0,0.0,100.0,900.0,0.03,1000.0,2500.0,1.952,0.18,171000000.0,3.116,28.223,29.246,1.0,0.0,0.795,0.001,0.204,0.0,0.0,100.0,527.5,548.1,273.1,1.952,1.292,0.0,101300.0,0.0,0.0,492.3,Grid_Runs_out_run85448.txt,140220000.0,1.314,1.802,3.0,0.3499335553278688,0.246706314,u100_T900,100,900
0,0.0,1.0,685.3,0.0,100.0,900.0,0.03,1000.0,2500.0,4.807,0.01,177000000.0,1.358,28.498,29.517,1.0,0.0,0.959,0.001,0.0397,0.0,0.0,100.0,342.7,1131.6,273.1,4.807,1.292,0.0,101300.0,0.0,0.0,551.4,Grid_Runs_out_run89468.txt,175230000.0,1.103,0.255,3.0,0.4915876304347825,1.471629838,u100_T900,100,900
0,0.0,1.0,807.5,0.0,100.0,900.0,0.03,1000.0,2500.0,4.015,0.02,206000000.0,1.559,29.591,30.589,1.0,0.0,0.95,0.001,0.0494,0.0,0.0,100.0,403.8,1092.4,273.1,4.015,1.292,0.0,101300.0,0.0,0.0,590.8,Grid_Runs_out_run78261.txt,201880000.0,1.04,0.519,3.0,0.5372465435865506,1.221503236,u100_T900,100,900
0,0.0,1.0,928.9,0.0,100.0,900.0,0.03,1000.0,2500.0,3.488,0.03,236000000.0,1.909,30.657,31.635,1.0,0.0,0.94,0.001,0.059,0.0,0.0,100.0,464.5,1053.4,273.1,3.488,1.292,0.0,101300.0,0.0,0.0,630.2,Grid_Runs_out_run76161.txt,228920000.0,0.996,0.913,3.0,0.5737118625,1.050793139,u100_T900,100,900
0,0.0,1.0,1345.8,0.0,100.0,900.0,0.03,1000.0,2500.0,1.942,0.17,276000000.0,2.983,31.897,32.847,1.0,0.0,0.804,0.001,0.195,0.0,0.0,100.0,672.9,578.2,273.1,1.942,1.292,0.0,101300.0,0.0,0.0,630.2,Grid_Runs_out_run74180.txt,229080000.0,0.996,1.987,3.0,0.4418894799176106,0.311027113,u100_T900,100,900
0,0.0,1.0,1111.6,0.0,100.0,900.0,0.03,1000.0,2500.0,3.114,0.04,302000000.0,1.789,32.631,33.564,1.0,0.0,0.93,0.001,0.0687,0.0,0.0,100.0,555.8,1015.3,273.1,3.114,1.292,0.0,101300.0,0.0,0.0,708.9,Grid_Runs_out_run79026.txt,289920000.0,0.939,0.85,3.0,0.6380391236994218,0.980708282,u100_T900,100,900
0,0.0,1.0,1235.8,0.0,100.0,900.0,0.03,1000.0,2500.0,2.837,0.05,340000000.0,2.196,33.629,34.538,1.0,0.0,0.921,0.001,0.0784,0.0,0.0,100.0,617.9,978.0,273.1,2.837,1.292,0.0,101300.0,0.0,0.0,748.3,Grid_Runs_out_run82569.txt,323000000.0,0.919,1.277,3.0,0.6602164578780402,0.877830614,u100_T900,100,900
0,0.0,1.0,1588.9,0.0,100.0,900.0,0.03,1000.0,2500.0,1.941,0.16,385000000.0,3.022,34.698,35.578,1.0,0.0,0.814,0.001,0.185,0.0,0.0,100.0,794.4,608.8,273.1,1.941,1.292,0.0,101300.0,0.0,0.0,748.3,Grid_Runs_out_run86825.txt,323400000.0,0.919,2.103,3.0,0.5211763905718703,0.368745675,u100_T900,100,900
0,0.0,1.0,1427.6,0.0,100.0,900.0,0.03,1000.0,2500.0,2.625,0.06,420000000.0,2.097,35.481,36.34,1.0,0.0,0.911,0.001,0.0881,0.0,0.0,100.0,713.8,941.4,273.1,2.625,1.292,0.0,101300.0,0.0,0.0,827.1,Grid_Runs_out_run83741.txt,394800000.0,0.889,1.208,3.0,0.7111748475428571,0.837133389,u100_T900,100,900
0,0.0,1.0,1742.3,0.0,100.0,900.0,0.03,1000.0,2500.0,1.949,0.15,465000000.0,3.383,36.398,37.23,1.0,0.0,0.824,0.001,0.175,0.0,0.0,100.0,871.1,639.8,273.1,1.949,1.292,0.0,101300.0,0.0,0.0,827.1,Grid_Runs_out_run74218.txt,395250000.0,0.889,2.494,3.0,0.5761631447408928,0.412600627,u100_T900,100,900
0,0.0,1.0,1552.9,0.0,100.0,900.0,0.03,1000.0,2500.0,2.461,0.07,466000000.0,2.507,36.427,37.258,1.0,0.0,0.901,0.001,0.0978,0.0,0.0,100.0,776.5,905.5,273.1,2.461,1.292,0.0,101300.0,0.0,0.0,866.5,Grid_Runs_out_run73556.txt,433380000.0,0.877,1.63,3.0,0.7236280528646892,0.769111973,u100_T900,100,900
0,0.0,1.0,1888.7,0.0,100.0,900.0,0.03,1000.0,2500.0,1.966,0.14,551000000.0,3.461,38.005,38.787,1.0,0.0,0.833,0.001,0.166,0.0,0.0,100.0,944.4,671.2,273.1,1.966,1.292,0.0,101300.0,0.0,0.0,905.8,Grid_Runs_out_run86912.txt,473860000.0,0.867,2.594,3.0,0.6351969012207528,0.463552264,u100_T900,100,900
0,0.0,1.0,1750.0,0.0,100.0,900.0,0.03,1000.0,2500.0,2.331,0.08,561000000.0,2.349,38.177,38.954,1.0,0.0,0.892,0.001,0.107,0.0,0.0,100.0,875.0,870.3,273.1,2.331,1.292,0.0,101300.0,0.0,0.0,945.2,Grid_Runs_out_run78557.txt,516120000.0,0.858,1.491,3.0,0.7652094594594593,0.745668426,u100_T900,100,900
0,0.0,1.0,2040.1,0.0,100.0,900.0,0.03,1000.0,2500.0,2.081,0.11,680000000.0,2.856,40.099,40.812,1.0,0.0,0.862,0.001,0.137,0.0,0.0,100.0,1020.0,768.3,273.1,2.081,1.292,0.0,101300.0,0.0,0.0,1024.0,Grid_Runs_out_run85089.txt,605200000.0,0.843,2.013,3.0,0.7587966174435367,0.61345605,u100_T900,100,900
0,0.0,1.0,2076.7,0.0,100.0,900.0,0.03,1000.0,2500.0,2.031,0.12,688000000.0,2.89,40.212,40.922,1.0,0.0,0.853,0.001,0.146,0.0,0.0,100.0,1038.4,735.5,273.1,2.031,1.292,0.0,101300.0,0.0,0.0,1024.0,Grid_Runs_out_run80423.txt,605440000.0,0.843,2.047,3.0,0.7412714698670606,0.574580508,u100_T900,100,900
0,0.0,1.0,67.4,0.0,100.0,1100.0,0.03,1000.0,2500.0,2.604,0.41,928000.0,1.25,7.507,8.324,1.0,0.0,0.572,0.001,0.225,0.202,0.0,100.0,33.7,373.2,273.1,2.604,1.292,0.0,101300.0,527.0,0.0,30.8,Grid_Runs_out_run94005.txt,547520.0,8.873,-7.623,1.0,0.0333136147465437,0.030682521,u100_T1100,100,1100
0,0.0,1.0,61.5,0.0,100.0,1100.0,0.03,1000.0,2500.0,2.68,0.42,797000.0,1.146,7.222,8.024,1.0,0.0,0.562,0.001,0.219,0.218,0.0,100.0,30.8,373.2,273.1,2.68,1.292,0.0,101300.0,585.0,0.0,28.3,Grid_Runs_out_run94961.txt,462260.0,8.444,-7.298,1.0,0.0312463141791044,0.029825133,u100_T1100,100,1100
0,0.0,1.0,53.2,0.0,100.0,1100.0,0.03,1000.0,2500.0,2.76,0.43,613000.0,1.213,6.755,7.532,1.0,0.0,0.552,0.001,0.212,0.234,0.0,100.0,26.6,373.2,273.1,2.76,1.292,0.0,101300.0,647.0,0.0,24.6,Grid_Runs_out_run100007.txt,349410.0,7.849,-6.636,1.0,0.0277586034782608,0.027420013,u100_T1100,100,1100
0,0.0,1.0,47.7,0.0,100.0,1100.0,0.03,1000.0,2500.0,2.845,0.44,508000.0,1.148,6.441,7.199,1.0,0.0,0.543,0.001,0.206,0.251,0.0,100.0,23.8,373.2,273.1,2.845,1.292,0.0,101300.0,713.0,0.0,22.2,Grid_Runs_out_run103943.txt,284480.0,7.441,-6.293,1.0,0.0255432745518453,0.026177666,u100_T1100,100,1100
0,0.0,1.0,44.6,0.0,100.0,1100.0,0.03,1000.0,2500.0,2.936,0.45,459000.0,0.989,6.275,7.023,1.0,0.0,0.533,0.001,0.199,0.267,0.0,100.0,22.3,373.2,273.1,2.936,1.292,0.0,101300.0,783.0,0.0,20.9,Grid_Runs_out_run106163.txt,252450.0,7.212,-6.223,1.0,0.0244990716621253,0.026088829,u100_T1100,100,1100
0,0.0,1.0,39.2,0.0,100.0,1100.0,0.03,1000.0,2500.0,3.032,0.46,366000.0,0.969,5.926,6.651,1.0,0.0,0.523,0.001,0.193,0.283,0.0,100.0,19.6,373.2,273.1,3.032,1.292,0.0,101300.0,857.0,0.0,18.5,Grid_Runs_out_run92259.txt,197640.0,6.77,-5.801,1.0,0.022068617414248,0.024441478,u100_T1100,100,1100
0,0.0,1.0,29.6,0.0,100.0,1100.0,0.03,1000.0,2500.0,3.246,0.48,224000.0,1.046,5.23,5.908,1.0,0.0,0.504,0.001,0.18,0.315,0.0,100.0,14.8,373.2,273.1,3.246,1.292,0.0,101300.0,1020.0,0.0,14.2,Grid_Runs_out_run104619.txt,116480.0,5.905,-4.859,1.0,0.0174798121996303,0.02106781,u100_T1100,100,1100
0,0.0,1.0,26.7,0.0,100.0,1100.0,0.03,1000.0,2500.0,3.364,0.49,188000.0,0.905,5.006,5.668,1.0,0.0,0.494,0.001,0.174,0.331,0.0,100.0,13.4,373.2,273.1,3.364,1.292,0.0,101300.0,1110.0,0.0,12.9,Grid_Runs_out_run97613.txt,95880.0,5.619,-4.714,1.0,0.0161329590963139,0.020294855,u100_T1100,100,1100
0,0.0,1.0,24.0,0.0,100.0,1100.0,0.03,1000.0,2500.0,3.492,0.5,158000.0,0.832,4.788,5.433,1.0,0.0,0.485,0.001,0.168,0.347,0.0,100.0,12.0,373.2,273.1,3.492,1.292,0.0,101300.0,1210.0,0.0,11.7,Grid_Runs_out_run95846.txt,79000.0,5.343,-4.511,1.0,0.0148329896907216,0.019544071,u100_T1100,100,1100
0,0.0,1.0,21.3,0.0,100.0,1100.0,0.03,1000.0,2500.0,3.629,0.51,130000.0,0.784,4.555,5.182,1.0,0.0,0.475,0.001,0.161,0.363,0.0,100.0,10.7,373.2,273.1,3.629,1.292,0.0,101300.0,1320.0,0.0,10.5,Grid_Runs_out_run102436.txt,63700.0,5.053,-4.269,1.0,0.0134561356020942,0.018631787,u100_T1100,100,1100
0,0.0,1.0,18.5,0.0,100.0,1100.0,0.03,1000.0,2500.0,3.778,0.52,102000.0,0.76,4.282,4.886,1.0,0.0,0.465,0.001,0.155,0.379,0.0,100.0,9.3,373.2,273.1,3.778,1.292,0.0,101300.0,1430.0,0.0,9.2,Grid_Runs_out_run104478.txt,48960.0,4.72,-3.96,1.0,0.0119420780836421,0.017365826,u100_T1100,100,1100
0,0.0,1.0,15.3,0.0,100.0,1100.0,0.03,1000.0,2500.0,3.939,0.53,72800.0,0.832,3.933,4.508,1.0,0.0,0.455,0.001,0.148,0.395,0.0,100.0,7.7,373.2,273.1,3.939,1.292,0.0,101300.0,1560.0,0.0,7.7,Grid_Runs_out_run104940.txt,34216.0,4.308,-3.476,1.0,0.010086219116527,0.015475731,u100_T1100,100,1100
0,0.0,1.0,13.4,0.0,100.0,1100.0,0.03,1000.0,2500.0,4.115,0.54,58000.0,0.737,3.712,4.268,1.0,0.0,0.446,0.001,0.142,0.411,0.0,100.0,6.7,373.2,273.1,4.115,1.292,0.0,101300.0,1690.0,0.0,6.8,Grid_Runs_out_run104350.txt,26680.0,4.042,-3.305,1.0,0.0090180957958687,0.014575595,u100_T1100,100,1100
0,0.0,1.0,11.3,0.0,100.0,1100.0,0.03,1000.0,2500.0,4.307,0.55,43200.0,0.712,3.443,3.974,1.0,0.0,0.436,0.001,0.136,0.427,0.0,100.0,5.6,373.2,273.1,4.307,1.292,0.0,101300.0,1840.0,0.0,5.8,Grid_Runs_out_run109214.txt,19440.0,3.726,-3.014,1.0,0.0077599673786858,0.013277668,u100_T1100,100,1100
0,0.0,1.0,75.9,0.0,100.0,1100.0,0.03,1000.0,2500.0,2.533,0.4,1150000.0,1.283,7.918,8.756,1.0,0.0,0.581,0.001,0.231,0.186,0.0,100.0,37.9,373.2,273.1,2.533,1.292,0.0,101300.0,472.0,0.0,34.5,Grid_Runs_out_run108344.txt,690000.0,9.445,-8.162,1.0,0.0364793738255033,0.032508533,u100_T1100,100,1100
0,0.0,1.0,87.1,0.0,100.0,1100.0,0.03,1000.0,2500.0,2.465,0.39,1470000.0,1.28,8.435,9.298,1.0,0.0,0.591,0.001,0.238,0.17,0.0,100.0,43.6,373.2,273.1,2.465,1.292,0.0,101300.0,419.0,0.0,39.4,Grid_Runs_out_run105776.txt,896700.0,10.149,-8.869,1.0,0.0406600820689655,0.035091403,u100_T1100,100,1100
0,0.0,1.0,92.9,0.0,100.0,1100.0,0.03,1000.0,2500.0,2.401,0.38,1630000.0,1.541,8.656,9.529,1.0,0.0,0.601,0.001,0.244,0.154,0.0,100.0,46.4,373.2,273.1,2.401,1.292,0.0,101300.0,370.0,0.0,41.8,Grid_Runs_out_run93238.txt,1010600.0,10.478,-8.937,1.0,0.0420943790503956,0.035197703,u100_T1100,100,1100
0,0.0,1.0,104.5,0.0,100.0,1100.0,0.03,1000.0,2500.0,2.34,0.37,2010000.0,1.549,9.131,10.024,1.0,0.0,0.61,0.001,0.251,0.138,0.0,100.0,52.3,373.2,273.1,2.34,1.292,0.0,101300.0,323.0,0.0,46.8,Grid_Runs_out_run107669.txt,1266300.0,11.13,-9.581,1.0,0.0459124769230769,0.037240339,u100_T1100,100,1100
0,0.0,1.0,116.0,0.0,100.0,1100.0,0.03,1000.0,2500.0,2.282,0.36,2410000.0,1.742,9.566,10.477,1.0,0.0,0.62,0.001,0.257,0.122,0.0,100.0,58.0,373.2,273.1,2.282,1.292,0.0,101300.0,278.0,0.0,51.7,Grid_Runs_out_run108780.txt,1542400.0,11.61,-9.868,1.0,0.0493681156879929,0.038862634,u100_T1100,100,1100
0,0.0,1.0,133.2,0.0,100.0,1100.0,0.03,1000.0,2500.0,2.227,0.35,3100000.0,1.627,10.198,11.133,1.0,0.0,0.63,0.001,0.263,0.106,0.0,100.0,66.6,373.2,273.1,2.227,1.292,0.0,101300.0,236.0,0.0,59.1,Grid_Runs_out_run100952.txt,2015000.0,12.167,-10.54,1.0,0.0548611145038167,0.041957112,u100_T1100,100,1100
0,0.0,1.0,156.0,0.0,100.0,1100.0,0.03,1000.0,2500.0,2.174,0.34,4150000.0,1.593,10.983,11.944,1.0,0.0,0.64,0.001,0.27,0.0898,0.0,100.0,78.0,373.2,273.1,2.174,1.292,0.0,101300.0,195.0,0.0,68.9,Grid_Runs_out_run95457.txt,2739000.0,12.777,-11.184,2.0,0.0620872824287028,0.046141775,u100_T1100,100,1100
0,0.0,1.0,167.7,0.0,100.0,1100.0,0.03,1000.0,2500.0,2.124,0.33,4690000.0,1.844,11.33,12.302,1.0,0.0,0.649,0.001,0.276,0.0737,0.0,100.0,83.9,373.2,273.1,2.124,1.292,0.0,101300.0,157.0,0.0,73.8,Grid_Runs_out_run100513.txt,3142300.0,13.052,-11.208,2.0,0.0644422779661016,0.046621493,u100_T1100,100,1100
0,0.0,1.0,191.0,0.0,100.0,1100.0,0.03,1000.0,2500.0,2.077,0.32,5950000.0,1.868,12.031,13.023,1.0,0.0,0.659,0.001,0.282,0.0576,0.0,100.0,95.5,373.2,273.1,2.077,1.292,0.0,101300.0,120.0,0.0,83.7,Grid_Runs_out_run104061.txt,4046000.0,13.569,-11.701,2.0,0.0708166754935002,0.049888634,u100_T1100,100,1100
0,0.0,1.0,214.1,0.0,100.0,1100.0,0.03,1000.0,2500.0,2.031,0.31,7310000.0,2.042,12.681,13.69,1.0,0.0,0.669,0.001,0.289,0.0415,0.0,100.0,107.1,373.2,273.1,2.031,1.292,0.0,101300.0,84.4,0.0,93.5,Grid_Runs_out_run100302.txt,5043900.0,14.046,-12.004,2.0,0.0764223150664697,0.052464138,u100_T1100,100,1100
0,0.0,1.0,249.0,0.0,100.0,1100.0,0.03,1000.0,2500.0,1.987,0.3,9670000.0,2.039,13.614,14.644,1.0,0.0,0.678,0.001,0.295,0.0255,0.0,100.0,124.5,373.2,273.1,1.987,1.292,0.0,101300.0,50.6,0.0,108.3,Grid_Runs_out_run108743.txt,6769000.0,14.719,-12.68,2.0,0.085438829894313,0.057150463,u100_T1100,100,1100
0,0.0,1.0,284.0,0.0,100.0,1100.0,0.03,1000.0,2500.0,1.945,0.29,12300000.0,2.136,14.477,15.524,1.0,0.0,0.688,0.001,0.302,0.00939,0.0,100.0,142.0,373.2,273.1,1.945,1.292,0.0,101300.0,18.3,0.0,123.1,Grid_Runs_out_run99800.txt,8733000.0,15.352,-13.216,2.0,0.0935364586118251,0.061034828,u100_T1100,100,1100
0,0.0,1.0,320.3,0.0,100.0,1100.0,0.03,1000.0,2500.0,1.89,0.28,15200000.0,2.455,15.277,16.336,1.0,0.0,0.698,0.001,0.301,0.0,0.0,100.0,160.1,384.5,273.1,1.89,1.292,0.0,101300.0,0.0,0.0,137.8,Grid_Runs_out_run106369.txt,10944000.0,15.953,-13.498,2.0,0.0994180695238095,0.062568666,u100_T1100,100,1100
0,0.0,1.0,440.9,0.0,100.0,1100.0,0.03,1000.0,2500.0,1.813,0.27,27700000.0,2.724,17.783,18.869,1.0,0.0,0.707,0.001,0.292,0.0,0.0,100.0,220.5,414.0,273.1,1.813,1.292,0.0,101300.0,0.0,0.0,187.1,Grid_Runs_out_run105198.txt,20221000.0,17.824,-15.1,2.0,0.1242936739658025,0.074014704,u100_T1100,100,1100
0,0.0,1.0,797.2,0.0,100.0,1100.0,0.03,1000.0,2500.0,1.752,0.26,87500000.0,4.0,23.815,24.894,1.0,0.0,0.717,0.001,0.282,0.0,0.0,100.0,398.6,443.2,273.1,1.752,1.292,0.0,101300.0,0.0,0.0,334.8,Grid_Runs_out_run99199.txt,64750000.0,22.657,-18.657,2.0,0.205333602739726,0.116936415,u100_T1100,100,1100
0,0.0,1.0,1512.8,0.0,100.0,1100.0,0.03,1000.0,2500.0,1.701,0.25,306000000.0,4.984,32.727,33.658,1.0,0.0,0.727,0.001,0.272,0.0,0.0,100.0,756.4,472.7,273.1,1.701,1.292,0.0,101300.0,0.0,0.0,630.2,Grid_Runs_out_run96464.txt,229500000.0,30.857,-25.873,2.0,0.3568367026455026,0.19570783,u100_T1100,100,1100
0,0.0,1.0,1060.4,0.0,100.0,1100.0,0.03,1000.0,2500.0,4.097,0.01,362000000.0,1.799,34.159,35.054,1.0,0.0,0.959,0.001,0.0397,0.0,0.0,100.0,530.2,1327.9,273.1,4.097,1.292,0.0,101300.0,0.0,0.0,787.7,Grid_Runs_out_run102752.txt,358380000.0,1.166,0.633,3.0,0.7122060000000001,1.677645533,u100_T1100,100,1100
0,0.0,1.0,1401.0,0.0,100.0,1100.0,0.03,1000.0,2500.0,3.414,0.02,526000000.0,1.674,37.571,38.367,1.0,0.0,0.95,0.001,0.0494,0.0,0.0,100.0,700.5,1284.8,273.1,3.414,1.292,0.0,101300.0,0.0,0.0,945.2,Grid_Runs_out_run95413.txt,515480000.0,1.021,0.653,3.0,0.8542579033391914,1.522914726,u100_T1100,100,1100
0,0.0,1.0,2662.8,0.0,100.0,1100.0,0.03,1000.0,2500.0,1.659,0.24,924000000.0,4.692,43.34,43.936,1.0,0.0,0.736,0.001,0.263,0.0,0.0,100.0,1331.4,502.6,273.1,1.659,1.292,0.0,101300.0,0.0,0.0,1102.8,Grid_Runs_out_run104262.txt,702240000.0,0.956,3.736,3.0,0.5778661215189873,0.30730478,u100_T1100,100,1100
0,0.0,1.0,1764.3,0.0,100.0,1100.0,0.03,1000.0,2500.0,2.961,0.03,724000000.0,1.843,40.737,41.429,1.0,0.0,0.94,0.001,0.059,0.0,0.0,100.0,882.1,1241.2,273.1,2.961,1.292,0.0,101300.0,0.0,0.0,1102.8,Grid_Runs_out_run105880.txt,702280000.0,0.956,0.887,3.0,0.9755720981762918,1.397525007,u100_T1100,100,1100
0,0.0,1.0,2147.2,0.0,100.0,1100.0,0.03,1000.0,2500.0,2.638,0.04,955000000.0,2.183,43.713,44.295,1.0,0.0,0.93,0.001,0.0687,0.0,0.0,100.0,1073.6,1198.4,273.1,2.638,1.292,0.0,101300.0,0.0,0.0,1260.3,Grid_Runs_out_run103466.txt,916800000.0,0.917,1.266,3.0,1.074760692645944,1.288028551,u100_T1100,100,1100
0,0.0,1.0,2689.0,0.0,100.0,1100.0,0.03,1000.0,2500.0,2.397,0.05,1360000000.0,2.344,47.824,48.238,1.0,0.0,0.921,0.001,0.0784,0.0,0.0,100.0,1344.5,1157.6,273.1,2.397,1.292,0.0,101300.0,0.0,0.0,1496.6,Grid_Runs_out_run97252.txt,1292000000.0,0.881,1.463,3.0,1.2160573404255317,1.255667092,u100_T1100,100,1100
0,0.0,1.0,3258.3,0.0,100.0,1100.0,0.03,1000.0,2500.0,2.212,0.06,1840000000.0,2.917,51.661,51.903,1.0,0.0,0.911,0.001,0.0881,0.0,0.0,100.0,1629.1,1117.5,273.1,2.212,1.292,0.0,101300.0,0.0,0.0,1732.9,Grid_Runs_out_run95095.txt,1729600000.0,0.858,2.059,3.0,1.329421752260398,1.210508443,u100_T1100,100,1100
0,0.0,1.0,4312.9,0.0,100.0,1100.0,0.03,1000.0,2500.0,2.067,0.07,3020000000.0,2.577,58.552,58.451,1.0,0.0,0.901,0.001,0.0978,0.0,0.0,100.0,2156.4,1078.2,273.1,2.067,1.292,0.0,101300.0,0.0,0.0,2205.5,Grid_Runs_out_run93488.txt,2808600000.0,0.831,1.746,3.0,1.5863522242380264,1.297822378,u100_T1100,100,1100
0,0.0,1.0,5101.0,0.0,100.0,1100.0,0.03,1000.0,2500.0,1.951,0.08,3990000000.0,3.158,62.838,62.503,1.0,0.0,0.892,0.001,0.107,0.0,0.0,100.0,2550.5,1039.7,273.1,1.951,1.292,0.0,101300.0,0.0,0.0,2520.6,Grid_Runs_out_run94745.txt,3670800000.0,0.819,2.339,3.0,1.69025596053306,1.261234495,u100_T1100,100,1100
0,0.0,1.0,6506.0,0.0,100.0,1100.0,0.03,1000.0,2500.0,1.597,0.22,5310000000.0,5.343,67.578,66.968,1.0,0.0,0.756,0.001,0.243,0.0,0.0,100.0,3253.0,563.5,273.1,1.597,1.292,0.0,101300.0,0.0,0.0,2678.2,Grid_Runs_out_run103961.txt,4141800000.0,0.815,4.528,3.0,1.218927820914214,0.620225101,u100_T1100,100,1100
0,0.0,1.0,9184.2,0.0,100.0,1100.0,0.03,1000.0,2500.0,1.577,0.21,10400000000.0,6.187,80.249,78.828,1.0,0.0,0.766,0.001,0.233,0.0,0.0,100.0,4592.1,594.5,273.1,1.577,1.292,0.0,101300.0,0.0,0.0,3780.9,Grid_Runs_out_run99353.txt,8216000000.0,0.795,5.392,3.0,1.628259072289156,0.81817564,u100_T1100,100,1100
0,0.0,1.0,9660.7,0.0,100.0,1100.0,0.03,1000.0,2500.0,1.722,0.11,12600000000.0,4.209,84.204,82.51,1.0,0.0,0.862,0.001,0.137,0.0,0.0,100.0,4830.3,928.6,273.1,1.722,1.292,0.0,101300.0,0.0,0.0,4411.1,Grid_Runs_out_run108571.txt,11214000000.0,0.788,3.421,3.0,2.3665348902439023,1.440196837,u100_T1100,100,1100
0,0.0,1.0,11968.8,0.0,100.0,1100.0,0.03,1000.0,2500.0,1.673,0.12,18800000000.0,4.517,93.197,90.848,1.0,0.0,0.853,0.001,0.146,0.0,0.0,100.0,5984.4,892.9,273.1,1.673,1.292,0.0,101300.0,0.0,0.0,5356.3,Grid_Runs_out_run94846.txt,16544000000.0,,,,2.6739214924088466,1.549517062,u100_T1100,100,1100
0,0.0,1.0,12991.3,0.0,100.0,1100.0,0.03,1000.0,2500.0,1.562,0.2,20700000000.0,5.987,95.486,92.964,1.0,0.0,0.775,0.001,0.224,0.0,0.0,100.0,6495.6,625.8,273.1,1.562,1.292,0.0,101300.0,0.0,0.0,5356.3,Grid_Runs_out_run100971.txt,16560000000.0,,,,2.20294854737516,1.098082957,u100_T1100,100,1100
0,0.0,1.0,16751.2,0.0,100.0,1100.0,0.03,1000.0,2500.0,1.554,0.19,34200000000.0,6.215,108.499,104.945,1.0,0.0,0.785,0.001,0.214,0.0,0.0,100.0,8375.6,657.6,273.1,1.554,1.292,0.0,101300.0,0.0,0.0,6931.7,Grid_Runs_out_run106012.txt,27702000000.0,,,,2.7705449976833982,1.378946902,u100_T1100,100,1100
0,0.0,1.0,17461.5,0.0,100.0,1100.0,0.03,1000.0,2500.0,1.603,0.14,38400000000.0,5.226,111.695,107.876,1.0,0.0,0.833,0.001,0.166,0.0,0.0,100.0,8730.8,823.1,273.1,1.603,1.292,0.0,101300.0,0.0,0.0,7561.8,Grid_Runs_out_run102455.txt,33024000000.0,,,,3.3233602598253267,1.785632449,u100_T1100,100,1100
0,0.0,1.0,19694.7,0.0,100.0,1100.0,0.03,1000.0,2500.0,1.551,0.18,47300000000.0,6.56,117.751,113.418,1.0,0.0,0.795,0.001,0.204,0.0,0.0,100.0,9847.4,689.8,273.1,1.551,1.292,0.0,101300.0,0.0,0.0,8192.0,Grid_Runs_out_run106810.txt,38786000000.0,,,,3.2263118512572526,1.611002452,u100_T1100,100,1100
0,0.0,1.0,20640.1,0.0,100.0,1100.0,0.03,1000.0,2500.0,1.58,0.15,52900000000.0,5.35,121.155,116.527,1.0,0.0,0.824,0.001,0.175,0.0,0.0,100.0,10320.1,789.1,273.1,1.58,1.292,0.0,101300.0,0.0,0.0,8822.2,Grid_Runs_out_run95236.txt,44965000000.0,,,,3.6907634005063295,1.929193902,u100_T1100,100,1100
0,0.0,1.0,22558.3,0.0,100.0,1100.0,0.03,1000.0,2500.0,1.555,0.17,62100000000.0,5.832,126.228,121.152,1.0,0.0,0.804,0.001,0.195,0.0,0.0,100.0,11279.2,722.4,273.1,1.555,1.292,0.0,101300.0,0.0,0.0,9452.3,Grid_Runs_out_run93778.txt,51543000000.0,,,,3.742835417942121,1.887555539,u100_T1100,100,1100
0,0.0,1.0,22359.0,0.0,100.0,1100.0,0.03,1000.0,2500.0,1.564,0.16,61400000000.0,5.657,125.855,120.812,1.0,0.0,0.814,0.001,0.185,0.0,0.0,100.0,11179.5,755.5,273.1,1.564,1.292,0.0,101300.0,0.0,0.0,9452.3,Grid_Runs_out_run96095.txt,51576000000.0,,,,3.814639826086957,1.952148695,u100_T1100,100,1100
0,0.0,1.0,10.3,0.0,125.0,700.0,0.03,1000.0,2500.0,4.199,0.36,43300.0,4.13,3.447,3.978,1.0,0.0,0.62,0.001,0.139,0.24,0.0,125.0,5.1,373.2,273.1,4.199,1.292,0.0,101300.0,1010.0,0.0,6.2,Grid_Runs_out_run110037.txt,27712.0,3.429,0.701,3.0,0.0044769821538461,0.008758368,u125_T700,125,700
0,0.0,1.0,12.2,0.0,125.0,700.0,0.03,1000.0,2500.0,4.199,0.36,61700.0,1.036,3.771,4.332,1.0,0.0,0.62,0.001,0.139,0.24,0.0,125.0,6.1,373.2,273.1,4.199,1.292,0.0,101300.0,1010.0,0.0,7.4,Grid_Runs_out_run111319.txt,39488.0,3.757,-2.721,1.0,0.0053028332307692,0.010453536,u125_T700,125,700
0,0.0,1.0,15.3,0.0,125.0,700.0,0.03,1000.0,2500.0,4.067,0.35,94000.0,1.012,4.195,4.793,1.0,0.0,0.63,0.001,0.144,0.225,0.0,125.0,7.7,373.2,273.1,4.067,1.292,0.0,101300.0,917.0,0.0,9.2,Grid_Runs_out_run122215.txt,61100.0,4.205,-3.193,1.0,0.0065543439390213,0.012406157,u125_T700,125,700
0,0.0,1.0,17.6,0.0,125.0,700.0,0.03,1000.0,2500.0,3.943,0.34,121000.0,1.063,4.469,5.09,1.0,0.0,0.64,0.001,0.148,0.211,0.0,125.0,8.8,373.2,273.1,3.943,1.292,0.0,101300.0,833.0,0.0,10.5,Grid_Runs_out_run118874.txt,79860.0,4.504,-3.441,1.0,0.00742924361755,0.013526502,u125_T700,125,700
0,0.0,1.0,19.8,0.0,125.0,700.0,0.03,1000.0,2500.0,3.826,0.33,147000.0,1.141,4.704,5.343,1.0,0.0,0.649,0.001,0.153,0.197,0.0,125.0,9.9,373.2,273.1,3.826,1.292,0.0,101300.0,753.0,0.0,11.7,Grid_Runs_out_run116825.txt,98490.0,4.766,-3.625,1.0,0.0082333355692629,0.014407179,u125_T700,125,700
0,0.0,1.0,23.0,0.0,125.0,700.0,0.03,1000.0,2500.0,3.717,0.32,193000.0,1.113,5.04,5.704,1.0,0.0,0.659,0.001,0.157,0.183,0.0,125.0,11.5,373.2,273.1,3.717,1.292,0.0,101300.0,679.0,0.0,13.5,Grid_Runs_out_run115358.txt,131240.0,5.136,-4.023,1.0,0.0094209782082324,0.015908601,u125_T700,125,700
0,0.0,1.0,25.4,0.0,125.0,700.0,0.03,1000.0,2500.0,3.613,0.31,229000.0,1.177,5.261,5.941,1.0,0.0,0.669,0.001,0.162,0.168,0.0,125.0,12.7,373.2,273.1,3.613,1.292,0.0,101300.0,609.0,0.0,14.8,Grid_Runs_out_run127709.txt,158010.0,5.388,-4.211,1.0,0.0102444790080265,0.016692575,u125_T700,125,700
0,0.0,1.0,27.7,0.0,125.0,700.0,0.03,1000.0,2500.0,3.515,0.3,264000.0,1.328,5.454,6.147,1.0,0.0,0.678,0.001,0.166,0.154,0.0,125.0,13.8,373.2,273.1,3.515,1.292,0.0,101300.0,542.0,0.0,16.0,Grid_Runs_out_run124121.txt,184800.0,5.612,-4.284,1.0,0.010998738681081,0.017284066,u125_T700,125,700
0,0.0,1.0,32.2,0.0,125.0,700.0,0.03,1000.0,2500.0,3.422,0.29,348000.0,1.201,5.85,6.571,1.0,0.0,0.688,0.001,0.171,0.14,0.0,125.0,16.1,373.2,273.1,3.422,1.292,0.0,101300.0,479.0,0.0,18.5,Grid_Runs_out_run127605.txt,247080.0,6.053,-4.852,1.0,0.0125835868614845,0.019148634,u125_T700,125,700
0,0.0,1.0,34.5,0.0,125.0,700.0,0.03,1000.0,2500.0,3.334,0.28,389000.0,1.315,6.018,6.75,1.0,0.0,0.698,0.001,0.176,0.126,0.0,125.0,17.2,373.2,273.1,3.334,1.292,0.0,101300.0,419.0,0.0,19.7,Grid_Runs_out_run110127.txt,280080.0,6.255,-4.94,1.0,0.0132665567366526,0.019548275,u125_T700,125,700
0,0.0,1.0,39.1,0.0,125.0,700.0,0.03,1000.0,2500.0,3.25,0.27,487000.0,1.282,6.373,7.126,1.0,0.0,0.707,0.001,0.18,0.111,0.0,125.0,19.5,373.2,273.1,3.25,1.292,0.0,101300.0,362.0,0.0,22.2,Grid_Runs_out_run115531.txt,355510.0,6.693,-5.411,1.0,0.0147895535852307,0.021122831,u125_T700,125,700
0,0.0,1.0,41.4,0.0,125.0,700.0,0.03,1000.0,2500.0,3.17,0.26,534000.0,1.441,6.523,7.286,1.0,0.0,0.717,0.001,0.185,0.0972,0.0,125.0,20.7,373.2,273.1,3.17,1.292,0.0,101300.0,308.0,0.0,23.4,Grid_Runs_out_run110329.txt,395160.0,6.898,-5.457,1.0,0.0153987563810725,0.021354918,u125_T700,125,700
0,0.0,1.0,45.9,0.0,125.0,700.0,0.03,1000.0,2500.0,3.095,0.25,640000.0,1.432,6.831,7.612,1.0,0.0,0.727,0.001,0.189,0.083,0.0,125.0,23.0,373.2,273.1,3.095,1.292,0.0,101300.0,257.0,0.0,25.8,Grid_Runs_out_run127023.txt,480000.0,7.292,-5.86,1.0,0.0167879141738287,0.022604864,u125_T700,125,700
0,0.0,1.0,50.6,0.0,125.0,700.0,0.03,1000.0,2500.0,3.022,0.24,761000.0,1.424,7.136,7.934,1.0,0.0,0.736,0.001,0.194,0.0688,0.0,125.0,25.3,373.2,273.1,3.022,1.292,0.0,101300.0,208.0,0.0,28.3,Grid_Runs_out_run117328.txt,578360.0,7.685,-6.261,1.0,0.0181865843547319,0.023791346,u125_T700,125,700
0,0.0,1.0,55.4,0.0,125.0,700.0,0.03,1000.0,2500.0,2.954,0.23,889000.0,1.471,7.424,8.238,1.0,0.0,0.746,0.001,0.198,0.0545,0.0,125.0,27.7,373.2,273.1,2.954,1.292,0.0,101300.0,161.0,0.0,30.8,Grid_Runs_out_run119786.txt,684530.0,8.061,-6.59,1.0,0.0195694794962762,0.024875293,u125_T700,125,700
0,0.0,1.0,62.3,0.0,125.0,700.0,0.03,1000.0,2500.0,2.888,0.22,1100000.0,1.455,7.839,8.674,1.0,0.0,0.756,0.001,0.203,0.0403,0.0,125.0,31.2,373.2,273.1,2.888,1.292,0.0,101300.0,116.0,0.0,34.5,Grid_Runs_out_run113096.txt,858000.0,8.592,-7.137,1.0,0.0216158703157894,0.026757064,u125_T700,125,700
0,0.0,1.0,71.8,0.0,125.0,700.0,0.03,1000.0,2500.0,2.764,0.2,1400000.0,1.594,8.333,9.191,1.0,0.0,0.775,0.001,0.212,0.0118,0.0,125.0,35.9,373.2,273.1,2.764,1.292,0.0,101300.0,32.6,0.0,39.4,Grid_Runs_out_run112978.txt,1120000.0,9.255,-7.661,1.0,0.0240072932214182,0.028183213,u125_T700,125,700
0,0.0,1.0,76.6,0.0,125.0,700.0,0.03,1000.0,2500.0,2.705,0.19,1560000.0,1.737,8.56,9.429,1.0,0.0,0.785,0.001,0.214,0.0,0.0,125.0,38.3,377.6,273.1,2.705,1.292,0.0,101300.0,0.0,0.0,41.8,Grid_Runs_out_run117036.txt,1263600.0,9.566,-7.829,1.0,0.0251219093057301,0.028701521,u125_T700,125,700
0,0.0,1.0,86.2,0.0,125.0,700.0,0.03,1000.0,2500.0,2.641,0.18,1930000.0,1.791,9.037,9.927,1.0,0.0,0.795,0.001,0.204,0.0,0.0,125.0,43.1,405.1,273.1,2.641,1.292,0.0,101300.0,0.0,0.0,46.8,Grid_Runs_out_run120130.txt,1582600.0,10.188,-8.397,1.0,0.0276439307050359,0.030679217,u125_T700,125,700
0,0.0,1.0,104.6,0.0,125.0,700.0,0.03,1000.0,2500.0,2.595,0.17,2790000.0,2.021,9.923,10.848,1.0,0.0,0.804,0.001,0.195,0.0,0.0,125.0,52.3,432.7,273.1,2.595,1.292,0.0,101300.0,0.0,0.0,56.6,Grid_Runs_out_run111933.txt,2315700.0,11.289,-9.268,1.0,0.0329752213456647,0.035838293,u125_T700,125,700
0,0.0,1.0,154.6,0.0,125.0,700.0,0.03,1000.0,2500.0,2.564,0.16,6020000.0,2.44,12.068,13.062,1.0,0.0,0.814,0.001,0.185,0.0,0.0,125.0,77.3,460.7,273.1,2.564,1.292,0.0,101300.0,0.0,0.0,83.7,Grid_Runs_out_run124291.txt,5056800.0,12.934,-10.494,1.0,0.0481534670078003,0.051736737,u125_T700,125,700
0,0.0,1.0,253.9,0.0,125.0,700.0,0.03,1000.0,2500.0,2.548,0.15,16100000.0,3.36,15.5,16.563,1.0,0.0,0.824,0.001,0.175,0.0,0.0,125.0,126.9,489.1,273.1,2.548,1.292,0.0,101300.0,0.0,0.0,137.8,Grid_Runs_out_run121288.txt,13685000.0,15.146,-11.786,2.0,0.0785781677613814,0.08410568,u125_T700,125,700
0,0.0,1.0,396.8,0.0,125.0,700.0,0.03,1000.0,2500.0,2.547,0.14,39400000.0,3.229,19.445,20.538,1.0,0.0,0.833,0.001,0.166,0.0,0.0,125.0,198.4,517.9,273.1,2.547,1.292,0.0,101300.0,0.0,0.0,216.6,Grid_Runs_out_run123626.txt,33884000.0,17.806,-14.577,2.0,0.1227539358303887,0.132095689,u125_T700,125,700
0,0.0,1.0,636.8,0.0,125.0,700.0,0.03,1000.0,2500.0,2.589,0.12,103000000.0,3.284,24.83,25.899,1.0,0.0,0.853,0.001,0.146,0.0,0.0,125.0,318.4,576.7,273.1,2.589,1.292,0.0,101300.0,0.0,0.0,354.5,Grid_Runs_out_run125671.txt,90640000.0,21.86,-18.576,2.0,0.2002903206118192,0.223430616,u125_T700,125,700
0,0.0,1.0,732.1,0.0,125.0,700.0,0.03,1000.0,2500.0,2.635,0.11,139000000.0,3.275,26.772,27.817,1.0,0.0,0.862,0.001,0.137,0.0,0.0,125.0,366.0,606.7,273.1,2.635,1.292,0.0,101300.0,0.0,0.0,413.5,Grid_Runs_out_run112683.txt,123710000.0,23.484,-20.209,2.0,0.2342689771354838,0.269859676,u125_T700,125,700
0,0.0,1.0,579.1,0.0,125.0,700.0,0.03,1000.0,2500.0,5.805,0.01,191000000.0,2.138,29.045,30.054,1.0,0.0,0.959,0.001,0.0397,0.0,0.0,125.0,289.5,936.6,273.1,5.805,1.292,0.0,101300.0,0.0,0.0,512.0,Grid_Runs_out_run122390.txt,189090000.0,1.812,0.326,3.0,0.2826608468341086,1.122850049,u125_T700,125,700
0,0.0,1.0,736.8,0.0,125.0,700.0,0.03,1000.0,2500.0,4.244,0.03,226000000.0,2.373,30.316,31.301,1.0,0.0,0.94,0.001,0.059,0.0,0.0,125.0,368.4,865.6,273.1,4.244,1.292,0.0,101300.0,0.0,0.0,551.4,Grid_Runs_out_run125611.txt,219220000.0,1.647,0.726,3.0,0.3217655738510839,0.790987431,u125_T700,125,700
0,0.0,1.0,684.5,0.0,125.0,700.0,0.03,1000.0,2500.0,4.868,0.02,224000000.0,2.079,30.237,31.224,1.0,0.0,0.95,0.001,0.0494,0.0,0.0,125.0,342.2,900.7,273.1,4.868,1.292,0.0,101300.0,0.0,0.0,551.4,Grid_Runs_out_run124489.txt,219520000.0,1.647,0.432,3.0,0.3156962145603944,0.958188026,u125_T700,125,700
0,0.0,1.0,782.4,0.0,125.0,700.0,0.03,1000.0,2500.0,3.803,0.04,229000000.0,2.777,30.396,31.379,1.0,0.0,0.93,0.001,0.0687,0.0,0.0,125.0,391.2,831.1,273.1,3.803,1.292,0.0,101300.0,0.0,0.0,551.4,Grid_Runs_out_run109585.txt,219840000.0,1.647,1.13,3.0,0.3243382808772022,0.672821626,u125_T700,125,700
0,0.0,1.0,39.8,0.0,125.0,900.0,0.03,1000.0,2500.0,3.43,0.41,534000.0,1.292,6.524,7.286,1.0,0.0,0.572,0.001,0.171,0.257,0.0,125.0,19.9,373.2,273.1,3.43,1.292,0.0,101300.0,880.0,0.0,20.9,Grid_Runs_out_run139144.txt,315060.0,7.101,-5.809,1.0,0.0155756304419825,0.021714031,u125_T900,125,900
0,0.0,1.0,35.0,0.0,125.0,900.0,0.03,1000.0,2500.0,3.542,0.42,426000.0,1.292,6.159,6.899,1.0,0.0,0.562,0.001,0.165,0.272,0.0,125.0,17.5,373.2,273.1,3.542,1.292,0.0,101300.0,963.0,0.0,18.5,Grid_Runs_out_run134721.txt,247080.0,6.665,-5.373,1.0,0.0139588932806324,0.02022743,u125_T900,125,900
0,0.0,1.0,32.3,0.0,125.0,900.0,0.03,1000.0,2500.0,3.663,0.43,375000.0,1.175,5.961,6.689,1.0,0.0,0.552,0.001,0.16,0.287,0.0,125.0,16.1,373.2,273.1,3.663,1.292,0.0,101300.0,1050.0,0.0,17.2,Grid_Runs_out_run143254.txt,213750.0,6.418,-5.243,1.0,0.0131264152530712,0.019817391,u125_T900,125,900
0,0.0,1.0,27.5,0.0,125.0,900.0,0.03,1000.0,2500.0,3.792,0.44,282000.0,1.215,5.548,6.248,1.0,0.0,0.543,0.001,0.154,0.302,0.0,125.0,13.8,373.2,273.1,3.792,1.292,0.0,101300.0,1150.0,0.0,14.8,Grid_Runs_out_run129464.txt,157920.0,5.937,-4.722,1.0,0.011382911392405,0.017979938,u125_T900,125,900
0,0.0,1.0,24.9,0.0,125.0,900.0,0.03,1000.0,2500.0,3.93,0.45,239000.0,1.114,5.319,6.003,1.0,0.0,0.533,0.001,0.149,0.317,0.0,125.0,12.4,373.2,273.1,3.93,1.292,0.0,101300.0,1250.0,0.0,13.5,Grid_Runs_out_run142198.txt,131450.0,5.66,-4.546,1.0,0.0104937465160305,0.017305933,u125_T900,125,900
0,0.0,1.0,21.4,0.0,125.0,900.0,0.03,1000.0,2500.0,4.079,0.46,183000.0,1.11,4.969,5.628,1.0,0.0,0.523,0.001,0.143,0.332,0.0,125.0,10.7,373.2,273.1,4.079,1.292,0.0,101300.0,1360.0,0.0,11.7,Grid_Runs_out_run145948.txt,98820.0,5.255,-4.145,1.0,0.009180070534935,0.015845622,u125_T900,125,900
0,0.0,1.0,19.0,0.0,125.0,900.0,0.03,1000.0,2500.0,4.239,0.47,150000.0,1.025,4.726,5.366,1.0,0.0,0.514,0.001,0.138,0.348,0.0,125.0,9.5,373.2,273.1,4.239,1.292,0.0,101300.0,1470.0,0.0,10.5,Grid_Runs_out_run129817.txt,79500.0,4.969,-3.944,1.0,0.0082931458174097,0.015036817,u125_T900,125,900
0,0.0,1.0,15.4,0.0,125.0,900.0,0.03,1000.0,2500.0,4.413,0.48,103000.0,1.09,4.291,4.896,1.0,0.0,0.504,0.001,0.132,0.363,0.0,125.0,7.7,373.2,273.1,4.413,1.292,0.0,101300.0,1600.0,0.0,8.6,Grid_Runs_out_run139382.txt,53560.0,4.482,-3.392,1.0,0.0068380070373895,0.013043036,u125_T900,125,900
0,0.0,1.0,3.8,0.0,125.0,900.0,0.03,1000.0,2500.0,5.031,0.51,7130.0,0.602,2.179,2.575,1.0,0.0,0.475,0.001,0.116,0.408,0.0,125.0,1.9,373.2,273.1,5.031,1.292,0.0,101300.0,2050.0,0.0,2.2,Grid_Runs_out_run138305.txt,3493.7,2.231,-1.629,1.0,0.0017731020250447,0.00399728,u125_T900,125,900
0,0.0,1.0,42.6,0.0,125.0,900.0,0.03,1000.0,2500.0,3.324,0.4,593000.0,1.52,6.698,7.471,1.0,0.0,0.581,0.001,0.176,0.242,0.0,125.0,21.3,373.2,273.1,3.324,1.292,0.0,101300.0,803.0,0.0,22.2,Grid_Runs_out_run133366.txt,355800.0,7.328,-5.808,1.0,0.0163501322166065,0.021921141,u125_T900,125,900
0,0.0,1.0,47.6,0.0,125.0,900.0,0.03,1000.0,2500.0,3.224,0.39,716000.0,1.519,7.027,7.819,1.0,0.0,0.591,0.001,0.182,0.226,0.0,125.0,23.8,373.2,273.1,3.224,1.292,0.0,101300.0,730.0,0.0,24.6,Grid_Runs_out_run137136.txt,436760.0,7.775,-6.256,1.0,0.0179088633647642,0.023095571,u125_T900,125,900
0,0.0,1.0,52.7,0.0,125.0,900.0,0.03,1000.0,2500.0,3.131,0.38,855000.0,1.58,7.351,8.16,1.0,0.0,0.601,0.001,0.187,0.211,0.0,125.0,26.4,373.2,273.1,3.131,1.292,0.0,101300.0,661.0,0.0,27.1,Grid_Runs_out_run130524.txt,530100.0,8.206,-6.626,1.0,0.0194338236831683,0.024217956,u125_T900,125,900
0,0.0,1.0,68.0,0.0,125.0,900.0,0.03,1000.0,2500.0,2.959,0.36,1340000.0,1.501,8.243,9.097,1.0,0.0,0.62,0.001,0.198,0.181,0.0,125.0,34.0,373.2,273.1,2.959,1.292,0.0,101300.0,535.0,0.0,34.5,Grid_Runs_out_run142167.txt,857600.0,9.369,-7.868,1.0,0.0240518523284893,0.027947384,u125_T900,125,900
0,0.0,1.0,73.1,0.0,125.0,900.0,0.03,1000.0,2500.0,2.88,0.35,1510000.0,1.624,8.496,9.362,1.0,0.0,0.63,0.001,0.203,0.166,0.0,125.0,36.6,373.2,273.1,2.88,1.292,0.0,101300.0,477.0,0.0,36.9,Grid_Runs_out_run131926.txt,981500.0,9.72,-8.096,1.0,0.0253060504,0.028474974,u125_T900,125,900
0,0.0,1.0,78.5,0.0,125.0,900.0,0.03,1000.0,2500.0,2.805,0.34,1700000.0,1.91,8.75,9.627,1.0,0.0,0.64,0.001,0.209,0.151,0.0,125.0,39.3,373.2,273.1,2.805,1.292,0.0,101300.0,422.0,0.0,39.4,Grid_Runs_out_run142822.txt,1122000.0,10.074,-8.164,1.0,0.0265842676363636,0.028968207,u125_T900,125,900
0,0.0,1.0,88.7,0.0,125.0,900.0,0.03,1000.0,2500.0,2.734,0.33,2110000.0,1.747,9.251,10.15,1.0,0.0,0.649,0.001,0.214,0.135,0.0,125.0,44.4,373.2,273.1,2.734,1.292,0.0,101300.0,370.0,0.0,44.3,Grid_Runs_out_run135236.txt,1413700.0,10.739,-8.992,1.0,0.0293723944169714,0.031042412,u125_T900,125,900
0,0.0,1.0,99.1,0.0,125.0,900.0,0.03,1000.0,2500.0,2.666,0.32,2570000.0,1.767,9.721,10.639,1.0,0.0,0.659,0.001,0.22,0.12,0.0,125.0,49.5,373.2,273.1,2.666,1.292,0.0,101300.0,321.0,0.0,49.2,Grid_Runs_out_run136137.txt,1747600.0,11.327,-9.56,1.0,0.0320663274778694,0.032850222,u125_T900,125,900
0,0.0,1.0,109.7,0.0,125.0,900.0,0.03,1000.0,2500.0,2.602,0.31,3070000.0,1.824,10.173,11.107,1.0,0.0,0.669,0.001,0.225,0.105,0.0,125.0,54.8,373.2,273.1,2.602,1.292,0.0,101300.0,274.0,0.0,54.2,Grid_Runs_out_run140232.txt,2118300.0,11.766,-9.942,1.0,0.034675250914681,0.034503015,u125_T900,125,900
0,0.0,1.0,120.2,0.0,125.0,900.0,0.03,1000.0,2500.0,2.54,0.3,3600000.0,1.916,10.592,11.541,1.0,0.0,0.678,0.001,0.231,0.09,0.0,125.0,60.1,373.2,273.1,2.54,1.292,0.0,101300.0,229.0,0.0,59.1,Grid_Runs_out_run131741.txt,2520000.0,12.124,-10.208,1.0,0.0370795382929133,0.035841695,u125_T900,125,900
0,0.0,1.0,130.7,0.0,125.0,900.0,0.03,1000.0,2500.0,2.482,0.29,4160000.0,2.049,10.989,11.951,1.0,0.0,0.688,0.001,0.236,0.0748,0.0,125.0,65.4,373.2,273.1,2.482,1.292,0.0,101300.0,186.0,0.0,64.0,Grid_Runs_out_run144678.txt,2953600.0,12.443,-10.394,1.0,0.0393432065753424,0.037009516,u125_T900,125,900
0,0.0,1.0,141.3,0.0,125.0,900.0,0.03,1000.0,2500.0,2.426,0.28,4760000.0,2.233,11.369,12.342,1.0,0.0,0.698,0.001,0.242,0.0597,0.0,125.0,70.7,373.2,273.1,2.426,1.292,0.0,101300.0,145.0,0.0,68.9,Grid_Runs_out_run137566.txt,3427200.0,12.736,-10.503,1.0,0.0414680297312448,0.037968089,u125_T900,125,900
0,0.0,1.0,162.3,0.0,125.0,900.0,0.03,1000.0,2500.0,2.373,0.27,6140000.0,2.119,12.128,13.123,1.0,0.0,0.707,0.001,0.247,0.0445,0.0,125.0,81.2,373.2,273.1,2.373,1.292,0.0,101300.0,106.0,0.0,78.8,Grid_Runs_out_run143951.txt,4482200.0,13.277,-11.158,2.0,0.0464189654412136,0.041394094,u125_T900,125,900
0,0.0,1.0,173.2,0.0,125.0,900.0,0.03,1000.0,2500.0,2.321,0.26,6830000.0,2.41,12.463,13.467,1.0,0.0,0.717,0.001,0.253,0.0294,0.0,125.0,86.6,373.2,273.1,2.321,1.292,0.0,101300.0,68.1,0.0,83.7,Grid_Runs_out_run137571.txt,5054200.0,13.527,-11.117,2.0,0.048209996877208,0.041853068,u125_T900,125,900
0,0.0,1.0,194.2,0.0,125.0,900.0,0.03,1000.0,2500.0,2.272,0.25,8410000.0,2.374,13.14,14.16,1.0,0.0,0.727,0.001,0.258,0.0142,0.0,125.0,97.1,373.2,273.1,2.272,1.292,0.0,101300.0,32.3,0.0,93.5,Grid_Runs_out_run140197.txt,6307500.0,14.001,-11.627,2.0,0.052591548169014,0.044527074,u125_T900,125,900
0,0.0,1.0,215.6,0.0,125.0,900.0,0.03,1000.0,2500.0,2.224,0.24,10200000.0,2.469,13.781,14.815,1.0,0.0,0.736,0.001,0.263,0.0,0.0,125.0,107.8,374.9,273.1,2.224,1.292,0.0,101300.0,0.0,0.0,103.4,Grid_Runs_out_run130418.txt,7752000.0,14.454,-11.985,2.0,0.0567255698417266,0.046829866,u125_T900,125,900
0,0.0,1.0,249.2,0.0,125.0,900.0,0.03,1000.0,2500.0,2.148,0.23,13100000.0,2.68,14.702,15.752,1.0,0.0,0.746,0.001,0.253,0.0,0.0,125.0,124.6,402.9,273.1,2.148,1.292,0.0,101300.0,0.0,0.0,118.2,Grid_Runs_out_run140195.txt,10087000.0,15.095,-12.415,2.0,0.0623500070614525,0.049167453,u125_T900,125,900
0,0.0,1.0,334.7,0.0,125.0,900.0,0.03,1000.0,2500.0,2.087,0.22,22900000.0,3.122,16.954,18.033,1.0,0.0,0.756,0.001,0.243,0.0,0.0,125.0,167.3,431.2,273.1,2.087,1.292,0.0,101300.0,0.0,0.0,157.5,Grid_Runs_out_run134522.txt,17862000.0,16.657,-13.535,2.0,0.0800477949976042,0.060846297,u125_T900,125,900
0,0.0,1.0,526.1,0.0,125.0,900.0,0.03,1000.0,2500.0,2.038,0.21,55400000.0,4.663,21.204,22.297,1.0,0.0,0.766,0.001,0.233,0.0,0.0,125.0,263.0,459.9,273.1,2.038,1.292,0.0,101300.0,0.0,0.0,246.2,Grid_Runs_out_run138530.txt,43766000.0,19.782,-15.119,2.0,0.1209071351835132,0.089251052,u125_T900,125,900
0,0.0,1.0,928.8,0.0,125.0,900.0,0.03,1000.0,2500.0,1.999,0.2,169000000.0,4.501,28.167,29.191,1.0,0.0,0.775,0.001,0.224,0.0,0.0,125.0,464.4,488.9,273.1,1.999,1.292,0.0,101300.0,0.0,0.0,433.2,Grid_Runs_out_run139108.txt,135200000.0,25.231,-20.73,2.0,0.2062423306373186,0.148831319,u125_T900,125,900
0,0.0,1.0,1352.3,0.0,125.0,900.0,0.03,1000.0,2500.0,1.971,0.19,354000000.0,4.696,33.967,34.866,1.0,0.0,0.785,0.001,0.214,0.0,0.0,125.0,676.1,518.3,273.1,1.971,1.292,0.0,101300.0,0.0,0.0,630.2,Grid_Runs_out_run141379.txt,286740000.0,30.295,-25.599,2.0,0.2924860648036529,0.207938373,u125_T900,125,900
0,0.0,1.0,1772.5,0.0,125.0,900.0,0.03,1000.0,2500.0,1.952,0.18,602000000.0,5.177,38.876,39.631,1.0,0.0,0.795,0.001,0.204,0.0,0.0,125.0,886.2,548.1,273.1,1.952,1.292,0.0,101300.0,0.0,0.0,827.1,Grid_Runs_out_run142612.txt,493640000.0,1.832,3.345,3.0,0.3762697868852458,0.265270175,u125_T900,125,900
0,0.0,1.0,1028.0,0.0,125.0,900.0,0.03,1000.0,2500.0,4.807,0.01,499000000.0,2.677,37.058,37.87,1.0,0.0,0.959,0.001,0.0397,0.0,0.0,125.0,514.0,1131.6,273.1,4.807,1.292,0.0,101300.0,0.0,0.0,827.1,Grid_Runs_out_run140894.txt,494010000.0,1.832,0.845,3.0,0.4719470798418972,1.412764645,u125_T900,125,900
0,0.0,1.0,1291.9,0.0,125.0,900.0,0.03,1000.0,2500.0,4.015,0.02,658000000.0,2.393,39.76,40.485,1.0,0.0,0.95,0.001,0.0494,0.0,0.0,125.0,646.0,1092.4,273.1,4.015,1.292,0.0,101300.0,0.0,0.0,945.2,Grid_Runs_out_run142934.txt,644840000.0,1.61,0.783,3.0,0.5500978801016191,1.250713455,u125_T900,125,900
0,0.0,1.0,1509.4,0.0,125.0,900.0,0.03,1000.0,2500.0,3.488,0.03,780000000.0,2.704,41.519,42.183,1.0,0.0,0.94,0.001,0.059,0.0,0.0,125.0,754.7,1053.4,273.1,3.488,1.292,0.0,101300.0,0.0,0.0,1024.0,Grid_Runs_out_run144341.txt,756600000.0,1.533,1.171,3.0,0.596635632,1.092744829,u125_T900,125,900
0,0.0,1.0,1729.3,0.0,125.0,900.0,0.03,1000.0,2500.0,3.114,0.04,914000000.0,3.233,43.226,43.826,1.0,0.0,0.93,0.001,0.0687,0.0,0.0,125.0,864.7,1015.3,273.1,3.114,1.292,0.0,101300.0,0.0,0.0,1102.8,Grid_Runs_out_run128622.txt,877440000.0,1.478,1.755,3.0,0.635256455768786,0.976408604,u125_T900,125,900
0,0.0,1.0,2355.1,0.0,125.0,900.0,0.03,1000.0,2500.0,1.942,0.17,1060000000.0,4.454,44.855,45.393,1.0,0.0,0.804,0.001,0.195,0.0,0.0,125.0,1177.5,578.2,273.1,1.942,1.292,0.0,101300.0,0.0,0.0,1102.8,Grid_Runs_out_run142507.txt,879800000.0,1.478,2.976,3.0,0.4949057104016477,0.348334573,u125_T900,125,900
0,0.0,1.0,2676.1,0.0,125.0,900.0,0.03,1000.0,2500.0,1.941,0.16,1360000000.0,4.908,47.856,48.269,1.0,0.0,0.814,0.001,0.185,0.0,0.0,125.0,1338.0,608.8,273.1,1.941,1.292,0.0,101300.0,0.0,0.0,1260.3,Grid_Runs_out_run143509.txt,1142400000.0,1.406,3.502,3.0,0.5617854420278208,0.397470683,u125_T900,125,900
0,0.0,1.0,2081.4,0.0,125.0,900.0,0.03,1000.0,2500.0,2.837,0.05,1210000000.0,2.884,46.381,46.857,1.0,0.0,0.921,0.001,0.0784,0.0,0.0,125.0,1040.7,978.0,273.1,2.837,1.292,0.0,101300.0,0.0,0.0,1260.3,Grid_Runs_out_run135413.txt,1149500000.0,1.406,1.478,3.0,0.7116618406485725,0.94621295,u125_T900,125,900
0,0.0,1.0,2311.3,0.0,125.0,900.0,0.03,1000.0,2500.0,2.625,0.06,1380000000.0,3.278,47.964,48.372,1.0,0.0,0.911,0.001,0.0881,0.0,0.0,125.0,1155.7,941.4,273.1,2.625,1.292,0.0,101300.0,0.0,0.0,1339.1,Grid_Runs_out_run132094.txt,1297200000.0,1.38,1.898,3.0,0.7368959036708571,0.867420391,u125_T900,125,900
0,0.0,1.0,2540.9,0.0,125.0,900.0,0.03,1000.0,2500.0,2.461,0.07,1560000000.0,3.804,49.508,49.848,1.0,0.0,0.901,0.001,0.0978,0.0,0.0,125.0,1270.5,905.5,273.1,2.461,1.292,0.0,101300.0,0.0,0.0,1417.8,Grid_Runs_out_run142777.txt,1450800000.0,1.359,2.445,3.0,0.7577735671938236,0.805408022,u125_T900,125,900
0,0.0,1.0,3284.9,0.0,125.0,900.0,0.03,1000.0,2500.0,1.966,0.14,2080000000.0,4.848,53.279,53.444,1.0,0.0,0.833,0.001,0.166,0.0,0.0,125.0,1642.5,671.2,273.1,1.966,1.292,0.0,101300.0,0.0,0.0,1575.4,Grid_Runs_out_run133131.txt,1788800000.0,1.325,3.523,3.0,0.7070457523825026,0.515985153,u125_T900,125,900
0,0.0,1.0,2916.7,0.0,125.0,900.0,0.03,1000.0,2500.0,2.331,0.08,1950000000.0,3.521,52.375,52.584,1.0,0.0,0.892,0.001,0.107,0.0,0.0,125.0,1458.4,870.3,273.1,2.331,1.292,0.0,101300.0,0.0,0.0,1575.4,Grid_Runs_out_run128675.txt,1794000000.0,1.325,2.196,3.0,0.8162327516911195,0.795413314,u125_T900,125,900
0,0.0,1.0,3452.4,0.0,125.0,900.0,0.03,1000.0,2500.0,2.081,0.11,2430000000.0,4.315,55.438,55.497,1.0,0.0,0.862,0.001,0.137,0.0,0.0,125.0,1726.2,768.3,273.1,2.081,1.292,0.0,101300.0,0.0,0.0,1732.9,Grid_Runs_out_run130471.txt,2162700000.0,1.3,3.015,3.0,0.8218167947256126,0.664411243,u125_T900,125,900
0,0.0,1.0,118.6,0.0,125.0,1100.0,0.03,1000.0,2500.0,2.604,0.41,3590000.0,1.998,10.586,11.535,1.0,0.0,0.572,0.001,0.225,0.202,0.0,125.0,59.3,373.2,273.1,2.604,1.292,0.0,101300.0,527.0,0.0,54.2,Grid_Runs_out_run158160.txt,2118100.0,12.226,-10.228,1.0,0.0375168637050691,0.034555692,u125_T1100,125,1100
0,0.0,1.0,107.0,0.0,125.0,1100.0,0.03,1000.0,2500.0,2.68,0.42,3010000.0,1.88,10.122,11.054,1.0,0.0,0.562,0.001,0.219,0.218,0.0,125.0,53.5,373.2,273.1,2.68,1.292,0.0,101300.0,585.0,0.0,49.2,Grid_Runs_out_run163949.txt,1745800.0,11.832,-9.952,1.0,0.0347926438208955,0.03318494,u125_T1100,125,1100
0,0.0,1.0,95.8,0.0,125.0,1100.0,0.03,1000.0,2500.0,2.76,0.43,2480000.0,1.794,9.639,10.553,1.0,0.0,0.552,0.001,0.212,0.234,0.0,125.0,47.9,373.2,273.1,2.76,1.292,0.0,101300.0,647.0,0.0,44.3,Grid_Runs_out_run160952.txt,1413600.0,11.367,-9.573,1.0,0.0319912687304347,0.031602122,u125_T1100,125,1100
0,0.0,1.0,84.6,0.0,125.0,1100.0,0.03,1000.0,2500.0,2.845,0.44,2000000.0,1.771,9.123,10.017,1.0,0.0,0.543,0.001,0.206,0.251,0.0,125.0,42.3,373.2,273.1,2.845,1.292,0.0,101300.0,713.0,0.0,39.4,Grid_Runs_out_run164015.txt,1120000.0,10.722,-8.951,1.0,0.0289940263592267,0.029734055,u125_T1100,125,1100
0,0.0,1.0,78.7,0.0,125.0,1100.0,0.03,1000.0,2500.0,2.936,0.45,1790000.0,1.57,8.864,9.747,1.0,0.0,0.533,0.001,0.199,0.267,0.0,125.0,39.4,373.2,273.1,2.936,1.292,0.0,101300.0,783.0,0.0,36.9,Grid_Runs_out_run157017.txt,984500.0,10.35,-8.78,1.0,0.0276674717820163,0.029479129,u125_T1100,125,1100
0,0.0,1.0,67.8,0.0,125.0,1100.0,0.03,1000.0,2500.0,3.032,0.46,1370000.0,1.602,8.284,9.141,1.0,0.0,0.523,0.001,0.193,0.283,0.0,125.0,33.9,373.2,273.1,3.032,1.292,0.0,101300.0,857.0,0.0,32.0,Grid_Runs_out_run151697.txt,739800.0,9.584,-7.982,1.0,0.0244286083377308,0.027057377,u125_T1100,125,1100
0,0.0,1.0,59.5,0.0,125.0,1100.0,0.03,1000.0,2500.0,3.136,0.47,1090000.0,1.626,7.82,8.653,1.0,0.0,0.514,0.001,0.187,0.299,0.0,125.0,29.8,373.2,273.1,3.136,1.292,0.0,101300.0,937.0,0.0,28.3,Grid_Runs_out_run158279.txt,577700.0,8.963,-7.337,1.0,0.0219659914285714,0.025359099,u125_T1100,125,1100
0,0.0,1.0,53.8,0.0,125.0,1100.0,0.03,1000.0,2500.0,3.246,0.48,924000.0,1.47,7.497,8.314,1.0,0.0,0.504,0.001,0.18,0.315,0.0,125.0,26.9,373.2,273.1,3.246,1.292,0.0,101300.0,1020.0,0.0,25.8,Grid_Runs_out_run163460.txt,480480.0,8.488,-7.018,1.0,0.0203332734343807,0.024498006,u125_T1100,125,1100
0,0.0,1.0,48.4,0.0,125.0,1100.0,0.03,1000.0,2500.0,3.364,0.49,775000.0,1.377,7.17,7.97,1.0,0.0,0.494,0.001,0.174,0.331,0.0,125.0,24.2,373.2,273.1,3.364,1.292,0.0,101300.0,1110.0,0.0,23.4,Grid_Runs_out_run147734.txt,395250.0,8.066,-6.689,1.0,0.0187166494744351,0.023560911,u125_T1100,125,1100
0,0.0,1.0,42.9,0.0,125.0,1100.0,0.03,1000.0,2500.0,3.492,0.5,630000.0,1.325,6.804,7.583,1.0,0.0,0.485,0.001,0.168,0.347,0.0,125.0,21.4,373.2,273.1,3.492,1.292,0.0,101300.0,1210.0,0.0,20.9,Grid_Runs_out_run146316.txt,315000.0,7.607,-6.282,1.0,0.0169689402061855,0.022343718,u125_T1100,125,1100
0,0.0,1.0,37.6,0.0,125.0,1100.0,0.03,1000.0,2500.0,3.629,0.51,504000.0,1.285,6.428,7.185,1.0,0.0,0.475,0.001,0.161,0.363,0.0,125.0,18.8,373.2,273.1,3.629,1.292,0.0,101300.0,1320.0,0.0,18.5,Grid_Runs_out_run160030.txt,246960.0,7.141,-5.856,1.0,0.015202274513089,0.021009558,u125_T1100,125,1100
0,0.0,1.0,32.2,0.0,125.0,1100.0,0.03,1000.0,2500.0,3.778,0.52,385000.0,1.331,6.002,6.733,1.0,0.0,0.465,0.001,0.155,0.379,0.0,125.0,16.1,373.2,273.1,3.778,1.292,0.0,101300.0,1430.0,0.0,16.0,Grid_Runs_out_run158521.txt,184800.0,6.625,-5.294,1.0,0.013302829467443,0.019328919,u125_T1100,125,1100
0,0.0,1.0,28.3,0.0,125.0,1100.0,0.03,1000.0,2500.0,3.939,0.53,310000.0,1.242,5.68,6.389,1.0,0.0,0.455,0.001,0.148,0.395,0.0,125.0,14.1,373.2,273.1,3.939,1.292,0.0,101300.0,1560.0,0.0,14.2,Grid_Runs_out_run155892.txt,145700.0,6.229,-4.987,1.0,0.0119399738979436,0.018265382,u125_T1100,125,1100
0,0.0,1.0,24.2,0.0,125.0,1100.0,0.03,1000.0,2500.0,4.115,0.54,237000.0,1.261,5.309,5.992,1.0,0.0,0.446,0.001,0.142,0.411,0.0,125.0,12.1,373.2,273.1,4.115,1.292,0.0,101300.0,1690.0,0.0,12.3,Grid_Runs_out_run154698.txt,109020.0,5.783,-4.522,1.0,0.0104233035586877,0.016873394,u125_T1100,125,1100
0,0.0,1.0,21.6,0.0,125.0,1100.0,0.03,1000.0,2500.0,4.307,0.55,198000.0,1.076,5.067,5.733,1.0,0.0,0.436,0.001,0.136,0.427,0.0,125.0,10.8,373.2,273.1,4.307,1.292,0.0,101300.0,1840.0,0.0,11.1,Grid_Runs_out_run159378.txt,89100.0,5.485,-4.409,1.0,0.0094932556675179,0.016262854,u125_T1100,125,1100
0,0.0,1.0,17.7,0.0,125.0,1100.0,0.03,1000.0,2500.0,4.518,0.56,139000.0,1.116,4.633,5.266,1.0,0.0,0.426,0.001,0.129,0.443,0.0,125.0,8.8,373.2,273.1,4.518,1.292,0.0,101300.0,2000.0,0.0,9.2,Grid_Runs_out_run161810.txt,61160.0,4.979,-3.863,1.0,0.0079348803824701,0.014422437,u125_T1100,125,1100
0,0.0,1.0,14.6,0.0,125.0,1100.0,0.03,1000.0,2500.0,4.751,0.57,99500.0,1.088,4.257,4.86,1.0,0.0,0.417,0.001,0.123,0.46,0.0,125.0,7.3,373.2,273.1,4.751,1.292,0.0,101300.0,2180.0,0.0,7.7,Grid_Runs_out_run159768.txt,42785.0,4.544,-3.456,1.0,0.0066737105821932,0.012942786,u125_T1100,125,1100
0,0.0,1.0,4.0,0.0,125.0,1100.0,0.03,1000.0,2500.0,5.619,0.6,8730.0,0.622,2.295,2.704,1.0,0.0,0.388,0.001,0.104,0.508,0.0,125.0,2.0,373.2,273.1,5.619,1.292,0.0,101300.0,2850.0,0.0,2.2,Grid_Runs_out_run158586.txt,3492.0,2.398,-1.776,1.0,0.0019339125680726,0.004625898,u125_T1100,125,1100
0,0.0,1.0,135.3,0.0,125.0,1100.0,0.03,1000.0,2500.0,2.533,0.4,4550000.0,1.994,11.24,12.209,1.0,0.0,0.581,0.001,0.231,0.186,0.0,125.0,67.6,373.2,273.1,2.533,1.292,0.0,101300.0,472.0,0.0,61.5,Grid_Runs_out_run157281.txt,2730000.0,12.728,-10.734,1.0,0.0416182073557047,0.037087996,u125_T1100,125,1100
0,0.0,1.0,152.3,0.0,125.0,1100.0,0.03,1000.0,2500.0,2.465,0.39,5620000.0,2.064,11.858,12.845,1.0,0.0,0.591,0.001,0.238,0.17,0.0,125.0,76.2,373.2,273.1,2.465,1.292,0.0,101300.0,419.0,0.0,68.9,Grid_Runs_out_run149119.txt,3428200.0,13.183,-11.119,2.0,0.0455019462620689,0.03927387,u125_T1100,125,1100
0,0.0,1.0,164.0,0.0,125.0,1100.0,0.03,1000.0,2500.0,2.401,0.38,6340000.0,2.524,12.228,13.226,1.0,0.0,0.601,0.001,0.244,0.154,0.0,125.0,82.0,373.2,273.1,2.401,1.292,0.0,101300.0,370.0,0.0,73.8,Grid_Runs_out_run148133.txt,3930800.0,13.465,-10.941,1.0,0.0475589453727613,0.03977172,u125_T1100,125,1100
0,0.0,1.0,186.9,0.0,125.0,1100.0,0.03,1000.0,2500.0,2.34,0.37,8030000.0,2.393,12.983,13.999,1.0,0.0,0.61,0.001,0.251,0.138,0.0,125.0,93.5,373.2,273.1,2.34,1.292,0.0,101300.0,323.0,0.0,83.7,Grid_Runs_out_run162210.txt,5058900.0,14.001,-11.608,2.0,0.0525537496615384,0.042625865,u125_T1100,125,1100
0,0.0,1.0,209.8,0.0,125.0,1100.0,0.03,1000.0,2500.0,2.282,0.36,9860000.0,2.487,13.679,14.711,1.0,0.0,0.62,0.001,0.257,0.122,0.0,125.0,104.9,373.2,273.1,2.282,1.292,0.0,101300.0,278.0,0.0,93.5,Grid_Runs_out_run149529.txt,6310400.0,14.499,-12.012,2.0,0.0571444450832603,0.044981432,u125_T1100,125,1100
0,0.0,1.0,233.0,0.0,125.0,1100.0,0.03,1000.0,2500.0,2.227,0.35,11900000.0,2.772,14.34,15.384,1.0,0.0,0.63,0.001,0.263,0.106,0.0,125.0,116.5,373.2,273.1,2.227,1.292,0.0,101300.0,236.0,0.0,103.4,Grid_Runs_out_run157124.txt,7735000.0,14.977,-12.205,2.0,0.0614180885496183,0.046980606,u125_T1100,125,1100
0,0.0,1.0,267.5,0.0,125.0,1100.0,0.03,1000.0,2500.0,2.174,0.34,15300000.0,2.715,15.29,16.349,1.0,0.0,0.64,0.001,0.27,0.0898,0.0,125.0,133.8,373.2,273.1,2.174,1.292,0.0,101300.0,195.0,0.0,118.2,Grid_Runs_out_run162458.txt,10098000.0,15.658,-12.943,2.0,0.0681368125114995,0.050660857,u125_T1100,125,1100
0,0.0,1.0,313.2,0.0,125.0,1100.0,0.03,1000.0,2500.0,2.124,0.33,20500000.0,2.684,16.466,17.54,1.0,0.0,0.649,0.001,0.276,0.0737,0.0,125.0,156.6,373.2,273.1,2.124,1.292,0.0,101300.0,157.0,0.0,137.8,Grid_Runs_out_run163890.txt,13735000.0,16.512,-13.828,2.0,0.077026390779661,0.055713316,u125_T1100,125,1100
0,0.0,1.0,337.0,0.0,125.0,1100.0,0.03,1000.0,2500.0,2.077,0.32,23100000.0,3.165,16.991,18.071,1.0,0.0,0.659,0.001,0.282,0.0576,0.0,125.0,168.5,373.2,273.1,2.077,1.292,0.0,101300.0,120.0,0.0,147.7,Grid_Runs_out_run154277.txt,15708000.0,16.927,-13.762,2.0,0.0799672281174771,0.056342566,u125_T1100,125,1100
0,0.0,1.0,383.4,0.0,125.0,1100.0,0.03,1000.0,2500.0,2.031,0.31,29300000.0,3.39,18.041,19.128,1.0,0.0,0.669,0.001,0.289,0.0415,0.0,125.0,191.7,373.2,273.1,2.031,1.292,0.0,101300.0,84.4,0.0,167.4,Grid_Runs_out_run159575.txt,20217000.0,17.726,-14.336,2.0,0.0875861839409158,0.060115486,u125_T1100,125,1100
0,0.0,1.0,452.7,0.0,125.0,1100.0,0.03,1000.0,2500.0,1.987,0.3,40000000.0,3.236,19.52,20.613,1.0,0.0,0.678,0.001,0.295,0.0255,0.0,125.0,226.3,373.2,273.1,1.987,1.292,0.0,101300.0,50.6,0.0,196.9,Grid_Runs_out_run160902.txt,28000000.0,18.869,-15.633,2.0,0.099413740191243,0.066499287,u125_T1100,125,1100
0,0.0,1.0,522.6,0.0,125.0,1100.0,0.03,1000.0,2500.0,1.945,0.29,52100000.0,3.357,20.884,21.978,1.0,0.0,0.688,0.001,0.302,0.00939,0.0,125.0,261.3,373.2,273.1,1.945,1.292,0.0,101300.0,18.3,0.0,226.5,Grid_Runs_out_run150982.txt,36991000.0,19.964,-16.607,2.0,0.1101569651167095,0.071873345,u125_T1100,125,1100
0,0.0,1.0,595.0,0.0,125.0,1100.0,0.03,1000.0,2500.0,1.89,0.28,65700000.0,3.79,22.146,23.235,1.0,0.0,0.698,0.001,0.301,0.0,0.0,125.0,297.5,384.5,273.1,1.89,1.292,0.0,101300.0,0.0,0.0,256.0,Grid_Runs_out_run149952.txt,47304000.0,21.004,-17.214,2.0,0.1181966933333333,0.074392237,u125_T1100,125,1100
0,0.0,1.0,835.5,0.0,125.0,1100.0,0.03,1000.0,2500.0,1.813,0.27,124000000.0,4.188,26.038,27.094,1.0,0.0,0.707,0.001,0.292,0.0,0.0,125.0,417.7,414.0,273.1,1.813,1.292,0.0,101300.0,0.0,0.0,354.5,Grid_Runs_out_run160443.txt,90520000.0,24.138,-19.95,2.0,0.1507423754660783,0.089751234,u125_T1100,125,1100
0,0.0,1.0,1406.8,0.0,125.0,1100.0,0.03,1000.0,2500.0,1.752,0.26,340000000.0,6.591,33.633,34.542,1.0,0.0,0.717,0.001,0.282,0.0,0.0,125.0,703.4,443.2,273.1,1.752,1.292,0.0,101300.0,0.0,0.0,590.8,Grid_Runs_out_run157465.txt,251600000.0,30.655,-24.064,2.0,0.2319023079452054,0.132064103,u125_T1100,125,1100
0,0.0,1.0,2836.1,0.0,125.0,1100.0,0.03,1000.0,2500.0,1.701,0.25,1340000000.0,7.09,47.663,48.085,1.0,0.0,0.727,0.001,0.272,0.0,0.0,125.0,1418.1,472.7,273.1,1.701,1.292,0.0,101300.0,0.0,0.0,1181.5,Grid_Runs_out_run146047.txt,1005000000.0,1.944,5.146,3.0,0.4281436583280423,0.234824552,u125_T1100,125,1100
0,0.0,1.0,1696.7,0.0,125.0,1100.0,0.03,1000.0,2500.0,4.097,0.01,1160000000.0,2.65,45.9,46.395,1.0,0.0,0.959,0.001,0.0397,0.0,0.0,125.0,848.3,1327.9,273.1,4.097,1.292,0.0,101300.0,0.0,0.0,1260.3,Grid_Runs_out_run149721.txt,1148400000.0,1.8,0.85,3.0,0.7293247349377595,1.717881764,u125_T1100,125,1100
0,0.0,1.0,2218.4,0.0,125.0,1100.0,0.03,1000.0,2500.0,3.414,0.02,1650000000.0,2.677,50.217,50.526,1.0,0.0,0.95,0.001,0.0494,0.0,0.0,125.0,1109.2,1284.8,273.1,3.414,1.292,0.0,101300.0,0.0,0.0,1496.6,Grid_Runs_out_run158331.txt,1617000000.0,1.595,1.082,3.0,0.8657065445905097,1.543254628,u125_T1100,125,1100
0,0.0,1.0,2772.3,0.0,125.0,1100.0,0.03,1000.0,2500.0,2.961,0.03,2230000000.0,3.093,54.239,54.358,1.0,0.0,0.94,0.001,0.059,0.0,0.0,125.0,1386.2,1241.2,273.1,2.961,1.292,0.0,101300.0,0.0,0.0,1732.9,Grid_Runs_out_run163748.txt,2163100000.0,1.498,1.595,3.0,0.9810861292158054,1.405452933,u125_T1100,125,1100
0,0.0,1.0,3489.2,0.0,125.0,1100.0,0.03,1000.0,2500.0,2.638,0.04,3150000000.0,3.349,59.202,59.066,1.0,0.0,0.93,0.001,0.0687,0.0,0.0,125.0,1744.6,1198.4,273.1,2.638,1.292,0.0,101300.0,0.0,0.0,2048.0,Grid_Runs_out_run162034.txt,3024000000.0,1.424,1.925,3.0,1.1177511203517816,1.339557869,u125_T1100,125,1100
0,0.0,1.0,5325.4,0.0,125.0,1100.0,0.03,1000.0,2500.0,1.659,0.24,4620000000.0,6.905,65.225,64.753,1.0,0.0,0.736,0.001,0.263,0.0,0.0,125.0,2662.7,502.6,273.1,1.659,1.292,0.0,101300.0,0.0,0.0,2205.5,Grid_Runs_out_run149754.txt,3511200000.0,1.399,5.506,3.0,0.7396408576925858,0.393332284,u125_T1100,125,1100
0,0.0,1.0,4528.8,0.0,125.0,1100.0,0.03,1000.0,2500.0,2.397,0.05,4830000000.0,3.38,65.958,65.444,1.0,0.0,0.921,0.001,0.0784,0.0,0.0,125.0,2264.4,1157.6,273.1,2.397,1.292,0.0,101300.0,0.0,0.0,2520.6,Grid_Runs_out_run149511.txt,4588500000.0,1.362,2.018,3.0,1.310769620425532,1.353482602,u125_T1100,125,1100
0,0.0,1.0,5628.0,0.0,125.0,1100.0,0.03,1000.0,2500.0,2.212,0.06,6880000000.0,3.821,72.17,71.278,1.0,0.0,0.911,0.001,0.0881,0.0,0.0,125.0,2814.0,1117.5,273.1,2.212,1.292,0.0,101300.0,0.0,0.0,2993.2,Grid_Runs_out_run160886.txt,6467200000.0,1.325,2.496,3.0,1.4696224405063294,1.338166125,u125_T1100,125,1100
0,0.0,1.0,8785.2,0.0,125.0,1100.0,0.03,1000.0,2500.0,1.624,0.23,12300000000.0,8.128,83.665,82.009,1.0,0.0,0.746,0.001,0.253,0.0,0.0,125.0,4392.6,532.9,273.1,1.624,1.292,0.0,101300.0,0.0,0.0,3623.4,Grid_Runs_out_run159459.txt,9471000000.0,1.294,6.834,3.0,1.1275938358226605,0.584575798,u125_T1100,125,1100
0,0.0,1.0,7085.6,0.0,125.0,1100.0,0.03,1000.0,2500.0,2.067,0.07,10200000000.0,4.234,79.742,78.356,1.0,0.0,0.901,0.001,0.0978,0.0,0.0,125.0,3542.8,1078.2,273.1,2.067,1.292,0.0,101300.0,0.0,0.0,3623.4,Grid_Runs_out_run148186.txt,9486000000.0,1.294,2.94,3.0,1.6679646374455737,1.36459712,u125_T1100,125,1100
0,0.0,1.0,8926.8,0.0,125.0,1100.0,0.03,1000.0,2500.0,1.951,0.08,15300000000.0,4.747,88.37,86.378,1.0,0.0,0.892,0.001,0.107,0.0,0.0,125.0,4463.4,1039.7,273.1,1.951,1.292,0.0,101300.0,0.0,0.0,4411.1,Grid_Runs_out_run163426.txt,14076000000.0,1.27,3.477,3.0,1.8930972792455152,1.412598646,u125_T1100,125,1100
0,0.0,1.0,15308.0,0.0,125.0,1100.0,0.03,1000.0,2500.0,1.597,0.22,36700000000.0,8.14,110.458,106.742,1.0,0.0,0.756,0.001,0.243,0.0,0.0,125.0,7654.0,563.5,273.1,1.597,1.292,0.0,101300.0,0.0,0.0,6301.5,Grid_Runs_out_run159367.txt,28626000000.0,,,,1.8355336816530992,0.933964239,u125_T1100,125,1100
0,0.0,1.0,19321.4,0.0,125.0,1100.0,0.03,1000.0,2500.0,1.722,0.11,63100000000.0,6.387,126.728,121.606,1.0,0.0,0.862,0.001,0.137,0.0,0.0,125.0,9660.7,928.6,273.1,1.722,1.292,0.0,101300.0,0.0,0.0,8822.2,Grid_Runs_out_run154611.txt,56159000000.0,,,,3.029164659512195,1.843451951,u125_T1100,125,1100
0,0.0,1.0,26021.9,0.0,125.0,1100.0,0.03,1000.0,2500.0,1.577,0.21,105000000000.0,8.554,144.152,137.418,1.0,0.0,0.766,0.001,0.233,0.0,0.0,125.0,13010.9,594.5,273.1,1.577,1.292,0.0,101300.0,0.0,0.0,10712.6,Grid_Runs_out_run149274.txt,82950000000.0,,,,2.9525764510843366,1.483632085,u125_T1100,125,1100
0,0.0,1.0,25345.7,0.0,125.0,1100.0,0.03,1000.0,2500.0,1.673,0.12,106000000000.0,7.297,144.394,137.637,1.0,0.0,0.853,0.001,0.146,0.0,0.0,125.0,12672.8,892.9,273.1,1.673,1.292,0.0,101300.0,0.0,0.0,11342.8,Grid_Runs_out_run156161.txt,93280000000.0,,,,3.623950910775852,2.100060072,u125_T1100,125,1100
0,0.0,1.0,42794.9,0.0,125.0,1100.0,0.03,1000.0,2500.0,1.562,0.2,281000000000.0,9.235,185.168,174.27,1.0,0.0,0.775,0.001,0.224,0.0,0.0,125.0,21397.5,625.8,273.1,1.562,1.292,0.0,101300.0,0.0,0.0,17644.3,Grid_Runs_out_run153681.txt,224800000000.0,,,,4.644337070627401,2.315019562,u125_T1100,125,1100
0,0.0,1.0,49474.6,0.0,125.0,1100.0,0.03,1000.0,2500.0,1.603,0.14,385000000000.0,8.151,200.639,188.056,1.0,0.0,0.833,0.001,0.166,0.0,0.0,125.0,24737.3,823.1,273.1,1.603,1.292,0.0,101300.0,0.0,0.0,21425.2,Grid_Runs_out_run159187.txt,331100000000.0,,,,6.026402570620086,3.237961953,u125_T1100,125,1100
0,0.0,1.0,70050.3,0.0,125.0,1100.0,0.03,1000.0,2500.0,1.554,0.19,749000000000.0,9.459,237.517,220.707,1.0,0.0,0.785,0.001,0.214,0.0,0.0,125.0,35025.1,657.6,273.1,1.554,1.292,0.0,101300.0,0.0,0.0,28987.1,Grid_Runs_out_run147728.txt,606690000000.0,,,,7.414967601173746,3.690562188,u125_T1100,125,1100
0,0.0,1.0,67817.2,0.0,125.0,1100.0,0.03,1000.0,2500.0,1.58,0.15,714000000000.0,9.282,234.641,218.171,1.0,0.0,0.824,0.001,0.175,0.0,0.0,125.0,33908.6,789.1,273.1,1.58,1.292,0.0,101300.0,0.0,0.0,28987.1,Grid_Runs_out_run162578.txt,606900000000.0,,,,7.76111711659747,4.056801183,u125_T1100,125,1100
0,0.0,1.0,95398.4,0.0,125.0,1100.0,0.03,1000.0,2500.0,1.564,0.16,1400000000000.0,9.136,278.338,256.548,1.0,0.0,0.814,0.001,0.185,0.0,0.0,125.0,47699.2,755.5,273.1,1.564,1.292,0.0,101300.0,0.0,0.0,40329.8,Grid_Runs_out_run163151.txt,1176000000000.0,,,,10.416509818434784,5.330665607,u125_T1100,125,1100
0,0.0,1.0,103018.8,0.0,125.0,1100.0,0.03,1000.0,2500.0,1.551,0.18,1620000000000.0,9.373,288.809,265.697,1.0,0.0,0.795,0.001,0.204,0.0,0.0,125.0,51509.4,689.8,273.1,1.551,1.292,0.0,101300.0,0.0,0.0,42850.5,Grid_Runs_out_run161300.txt,1328400000000.0,,,,10.80073807770986,5.393145357,u125_T1100,125,1100
0,0.0,1.0,114295.5,0.0,125.0,1100.0,0.03,1000.0,2500.0,1.555,0.17,1990000000000.0,9.301,304.629,279.487,1.0,0.0,0.804,0.001,0.195,0.0,0.0,125.0,57147.8,722.4,273.1,1.555,1.292,0.0,101300.0,0.0,0.0,47891.7,Grid_Runs_out_run157604.txt,1651700000000.0,,,,12.136779683189705,6.120719393,u125_T1100,125,1100
